,place_name,review,rating
1,카페노티드 안국,디저트가 맛있어요,3151.0
3,카페노티드 안국,친절해요,884.0
4,카페노티드 안국,인테리어가 멋져요,348.0
5,카페노티드 안국,매장이 청결해요,434.0
9,카페노티드 안국,특별한 메뉴가 있어요,1029.0
46,어니언 안국점,커피가 맛있어요,1408.0
47,어니언 안국점,디저트가 맛있어요,2252.0
49,어니언 안국점,친절해요,996.0
50,어니언 안국점,인테리어가 멋져요,1450.0
54,어니언 안국점,사진이 잘 나와요,676.0
69,블루보틀 삼청 카페,커피가 맛있어요,1333.0
72,블루보틀 삼청 카페,친절해요,547.0
73,블루보틀 삼청 카페,인테리어가 멋져요,436.0
74,블루보틀 삼청 카페,매장이 청결해요,434.0
75,블루보틀 삼청 카페,뷰가 좋아요,441.0
115,스태픽스,커피가 맛있어요,234.0
116,스태픽스,디저트가 맛있어요,174.0
119,스태픽스,인테리어가 멋져요,151.0
121,스태픽스,뷰가 좋아요,336.0
123,스태픽스,사진이 잘 나와요,154.0
138,아키비스트,커피가 맛있어요,1634.0
139,아키비스트,디저트가 맛있어요,438.0
142,아키비스트,인테리어가 멋져요,363.0
145,아키비스트,음료가 맛있어요,508.0
147,아키비스트,특별한 메뉴가 있어요,381.0
161,산모퉁이,커피가 맛있어요,149.0
165,산모퉁이,인테리어가 멋져요,76.0
167,산모퉁이,뷰가 좋아요,335.0
169,산모퉁이,사진이 잘 나와요,122.0
171,산모퉁이,대화하기 좋아요,55.0
184,포비 광화문점,커피가 맛있어요,793.0
186,포비 광화문점,빵이 맛있어요,1599.0
187,포비 광화문점,친절해요,518.0
189,포비 광화문점,매장이 청결해요,267.0
193,포비 광화문점,특별한 메뉴가 있어요,340.0
210,차마시는 뜰,친절해요,221.0
211,차마시는 뜰,인테리어가 멋져요,165.0
213,차마시는 뜰,뷰가 좋아요,193.0
215,차마시는 뜰,사진이 잘 나와요,115.0
230,테라로사 광화문점,커피가 맛있어요,514.0
231,테라로사 광화문점,디저트가 맛있어요,123.0
234,테라로사 광화문점,인테리어가 멋져요,192.0
235,테라로사 광화문점,매장이 청결해요,123.0
237,테라로사 광화문점,음료가 맛있어요,136.0
253,카페 레이어드 안국점,커피가 맛있어요,253.0
255,카페 레이어드 안국점,빵이 맛있어요,878.0
256,카페 레이어드 안국점,친절해요,261.0
257,카페 레이어드 안국점,인테리어가 멋져요,238.0
262,카페 레이어드 안국점,특별한 메뉴가 있어요,273.0
276,프릳츠 원서점,커피가 맛있어요,739.0
277,프릳츠 원서점,디저트가 맛있어요,478.0
280,프릳츠 원서점,인테리어가 멋져요,306.0
282,프릳츠 원서점,뷰가 좋아요,184.0
283,프릳츠 원서점,음료가 맛있어요,194.0
299,나무사이로,커피가 맛있어요,106.0
302,나무사이로,친절해요,31.0
303,나무사이로,인테리어가 멋져요,36.0
306,나무사이로,음료가 맛있어요,22.0
309,나무사이로,대화하기 좋아요,24.0
322,포비브라이트 광화문점,커피가 맛있어요,265.0
324,포비브라이트 광화문점,빵이 맛있어요,257.0
325,포비브라이트 광화문점,친절해요,83.0
326,포비브라이트 광화문점,인테리어가 멋져요,74.0
328,포비브라이트 광화문점,뷰가 좋아요,72.0
345,개뿔,커피가 맛있어요,3.0
348,개뿔,친절해요,4.0
349,개뿔,인테리어가 멋져요,4.0
353,개뿔,사진이 잘 나와요,6.0
360,개뿔,좌석이 편해요,2.0
371,H라운지,친절해요,177.0
372,H라운지,인테리어가 멋져요,338.0
384,H라운지,음식이 맛있어요,476.0
385,H라운지,매장이 넓어요,331.0
386,H라운지,단체모임 하기 좋아요,182.0
391,청수당,커피가 맛있어요,249.0
392,청수당,디저트가 맛있어요,288.0
395,청수당,인테리어가 멋져요,308.0
398,청수당,음료가 맛있어요,200.0
399,청수당,사진이 잘 나와요,184.0
437,부빙,커피가 맛있어요,31.0
438,부빙,디저트가 맛있어요,233.0
440,부빙,친절해요,57.0
442,부빙,매장이 청결해요,42.0
446,부빙,특별한 메뉴가 있어요,159.0
460,카페키이로,커피가 맛있어요,90.0
461,카페키이로,디저트가 맛있어요,216.0
463,카페키이로,친절해요,104.0
467,카페키이로,음료가 맛있어요,67.0
469,카페키이로,특별한 메뉴가 있어요,95.0
486,도트블랭킷,친절해요,150.0
487,도트블랭킷,인테리어가 멋져요,131.0
488,도트블랭킷,매장이 청결해요,111.0
499,도트블랭킷,음식이 맛있어요,461.0
503,도트블랭킷,재료가 신선해요,241.0
507,서울서 둘째로잘하는집,디저트가 맛있어요,186.0
509,서울서 둘째로잘하는집,친절해요,262.0
513,서울서 둘째로잘하는집,음료가 맛있어요,88.0
515,서울서 둘째로잘하는집,특별한 메뉴가 있어요,400.0
529,카페 하이웨스트 익선점,커피가 맛있어요,150.0
530,카페 하이웨스트 익선점,디저트가 맛있어요,312.0
533,카페 하이웨스트 익선점,인테리어가 멋져요,157.0
536,카페 하이웨스트 익선점,음료가 맛있어요,75.0
538,카페 하이웨스트 익선점,특별한 메뉴가 있어요,77.0
552,대충유원지 인왕산,커피가 맛있어요,47.0
556,대충유원지 인왕산,인테리어가 멋져요,34.0
558,대충유원지 인왕산,뷰가 좋아요,49.0
559,대충유원지 인왕산,음료가 맛있어요,25.0
560,대충유원지 인왕산,사진이 잘 나와요,21.0
575,라카페갤러리,커피가 맛있어요,7.0
578,라카페갤러리,친절해요,7.0
579,라카페갤러리,인테리어가 멋져요,7.0
580,라카페갤러리,매장이 청결해요,4.0
585,라카페갤러리,대화하기 좋아요,4.0
601,슬로우파크,친절해요,123.0
602,슬로우파크,인테리어가 멋져요,142.0
614,슬로우파크,음식이 맛있어요,298.0
615,슬로우파크,매장이 넓어요,88.0
618,슬로우파크,재료가 신선해요,60.0
621,가배도 삼청점,커피가 맛있어요,411.0
622,가배도 삼청점,디저트가 맛있어요,287.0
625,가배도 삼청점,인테리어가 멋져요,320.0
628,가배도 삼청점,음료가 맛있어요,218.0
631,가배도 삼청점,대화하기 좋아요,175.0
644,반쥴,커피가 맛있어요,68.0
647,반쥴,친절해요,36.0
648,반쥴,인테리어가 멋져요,55.0
651,반쥴,음료가 맛있어요,29.0
654,반쥴,대화하기 좋아요,30.0
667,카페이마,커피가 맛있어요,191.0
668,카페이마,디저트가 맛있어요,216.0
671,카페이마,인테리어가 멋져요,123.0
672,카페이마,매장이 청결해요,169.0
676,카페이마,특별한 메뉴가 있어요,249.0
690,내자상회,커피가 맛있어요,133.0
691,내자상회,디저트가 맛있어요,101.0
693,내자상회,친절해요,60.0
694,내자상회,인테리어가 멋져요,72.0
697,내자상회,음료가 맛있어요,73.0
713,제이히든하우스,커피가 맛있어요,222.0
714,제이히든하우스,디저트가 맛있어요,125.0
717,제이히든하우스,인테리어가 멋져요,243.0
720,제이히든하우스,음료가 맛있어요,117.0
721,제이히든하우스,사진이 잘 나와요,113.0
736,한옥찻집,커피가 맛있어요,210.0
737,한옥찻집,디저트가 맛있어요,196.0
739,한옥찻집,친절해요,210.0
740,한옥찻집,인테리어가 멋져요,366.0
743,한옥찻집,음료가 맛있어요,338.0
759,로코랩,커피가 맛있어요,89.0
760,로코랩,디저트가 맛있어요,48.0
763,로코랩,인테리어가 멋져요,71.0
766,로코랩,음료가 맛있어요,54.0
769,로코랩,대화하기 좋아요,45.0
782,결,커피가 맛있어요,196.0
783,결,디저트가 맛있어요,78.0
785,결,친절해요,73.0
786,결,인테리어가 멋져요,73.0
787,결,매장이 청결해요,64.0
805,mk2,커피가 맛있어요,128.0
806,mk2,디저트가 맛있어요,93.0
809,mk2,인테리어가 멋져요,73.0
812,mk2,음료가 맛있어요,78.0
815,mk2,대화하기 좋아요,42.0
828,동백양과점 익선점,커피가 맛있어요,103.0
829,동백양과점 익선점,디저트가 맛있어요,198.0
832,동백양과점 익선점,인테리어가 멋져요,92.0
835,동백양과점 익선점,음료가 맛있어요,69.0
837,동백양과점 익선점,특별한 메뉴가 있어요,77.0
851,클럽에스프레소,커피가 맛있어요,658.0
854,클럽에스프레소,친절해요,121.0
855,클럽에스프레소,인테리어가 멋져요,147.0
857,클럽에스프레소,뷰가 좋아요,115.0
858,클럽에스프레소,음료가 맛있어요,152.0
877,애즈라이크,친절해요,179.0
878,애즈라이크,인테리어가 멋져요,150.0
879,애즈라이크,매장이 청결해요,144.0
890,애즈라이크,음식이 맛있어요,506.0
894,애즈라이크,재료가 신선해요,251.0
897,밀크홀1937 종로점,커피가 맛있어요,119.0
898,밀크홀1937 종로점,디저트가 맛있어요,78.0
900,밀크홀1937 종로점,친절해요,61.0
902,밀크홀1937 종로점,매장이 청결해요,67.0
904,밀크홀1937 종로점,음료가 맛있어요,112.0
920,카페온화 익선점,커피가 맛있어요,330.0
921,카페온화 익선점,디저트가 맛있어요,533.0
924,카페온화 익선점,인테리어가 멋져요,249.0
925,카페온화 익선점,매장이 청결해요,168.0
929,카페온화 익선점,특별한 메뉴가 있어요,163.0
943,호텔세느장,커피가 맛있어요,150.0
944,호텔세느장,디저트가 맛있어요,88.0
947,호텔세느장,인테리어가 멋져요,168.0
950,호텔세느장,음료가 맛있어요,71.0
951,호텔세느장,사진이 잘 나와요,86.0
966,코피티암커피 경복궁점,커피가 맛있어요,456.0
967,코피티암커피 경복궁점,디저트가 맛있어요,241.0
970,코피티암커피 경복궁점,인테리어가 멋져요,190.0
973,코피티암커피 경복궁점,음료가 맛있어요,229.0
976,코피티암커피 경복궁점,대화하기 좋아요,207.0
989,커피스트,커피가 맛있어요,106.0
992,커피스트,친절해요,36.0
993,커피스트,인테리어가 멋져요,22.0
994,커피스트,매장이 청결해요,21.0
999,커피스트,대화하기 좋아요,26.0
1012,호랑이,커피가 맛있어요,907.0
1016,호랑이,인테리어가 멋져요,176.0
1019,호랑이,음료가 맛있어요,256.0
1021,호랑이,특별한 메뉴가 있어요,174.0
1023,호랑이,가성비가 좋아요,145.0
1035,더스팟 패뷸러스,커피가 맛있어요,408.0
1036,더스팟 패뷸러스,디저트가 맛있어요,574.0
1039,더스팟 패뷸러스,인테리어가 멋져요,469.0
1042,더스팟 패뷸러스,음료가 맛있어요,194.0
1043,더스팟 패뷸러스,사진이 잘 나와요,194.0
1058,덕수궁 리에제와플,커피가 맛있어요,305.0
1059,덕수궁 리에제와플,디저트가 맛있어요,2063.0
1061,덕수궁 리에제와플,친절해요,476.0
1065,덕수궁 리에제와플,음료가 맛있어요,196.0
1067,덕수궁 리에제와플,특별한 메뉴가 있어요,629.0
1081,커피앤시가렛,커피가 맛있어요,174.0
1085,커피앤시가렛,인테리어가 멋져요,98.0
1087,커피앤시가렛,뷰가 좋아요,293.0
1088,커피앤시가렛,음료가 맛있어요,77.0
1089,커피앤시가렛,사진이 잘 나와요,100.0
1104,커피루소 정동점,커피가 맛있어요,985.0
1105,커피루소 정동점,디저트가 맛있어요,403.0
1108,커피루소 정동점,인테리어가 멋져요,291.0
1110,커피루소 정동점,뷰가 좋아요,247.0
1111,커피루소 정동점,음료가 맛있어요,253.0
1127,더하우스1932,커피가 맛있어요,340.0
1128,더하우스1932,디저트가 맛있어요,192.0
1131,더하우스1932,인테리어가 멋져요,244.0
1134,더하우스1932,음료가 맛있어요,128.0
1137,더하우스1932,대화하기 좋아요,150.0
1150,커피한약방,커피가 맛있어요,703.0
1151,커피한약방,디저트가 맛있어요,170.0
1154,커피한약방,인테리어가 멋져요,455.0
1157,커피한약방,음료가 맛있어요,189.0
1158,커피한약방,사진이 잘 나와요,180.0
1173,적당,커피가 맛있어요,320.0
1174,적당,디저트가 맛있어요,490.0
1177,적당,인테리어가 멋져요,451.0
1180,적당,음료가 맛있어요,227.0
1182,적당,특별한 메뉴가 있어요,308.0
1196,챔프커피 제3작업실,커피가 맛있어요,285.0
1197,챔프커피 제3작업실,디저트가 맛있어요,64.0
1199,챔프커피 제3작업실,친절해요,65.0
1203,챔프커피 제3작업실,음료가 맛있어요,66.0
1205,챔프커피 제3작업실,특별한 메뉴가 있어요,42.0
1219,리사르커피로스터스 약수점,커피가 맛있어요,191.0
1222,리사르커피로스터스 약수점,친절해요,59.0
1226,리사르커피로스터스 약수점,음료가 맛있어요,36.0
1228,리사르커피로스터스 약수점,특별한 메뉴가 있어요,72.0
1230,리사르커피로스터스 약수점,가성비가 좋아요,72.0
1242,섬광,커피가 맛있어요,55.0
1243,섬광,디저트가 맛있어요,82.0
1246,섬광,인테리어가 멋져요,74.0
1249,섬광,음료가 맛있어요,78.0
1251,섬광,특별한 메뉴가 있어요,89.0
1265,르풀,커피가 맛있어요,109.0
1266,르풀,디저트가 맛있어요,111.0
1268,르풀,친절해요,74.0
1269,르풀,인테리어가 멋져요,85.0
1274,르풀,특별한 메뉴가 있어요,141.0
1288,커피스니퍼,커피가 맛있어요,556.0
1289,커피스니퍼,디저트가 맛있어요,102.0
1292,커피스니퍼,인테리어가 멋져요,194.0
1295,커피스니퍼,음료가 맛있어요,154.0
1297,커피스니퍼,특별한 메뉴가 있어요,122.0
1311,카페피크닉,커피가 맛있어요,83.0
1315,카페피크닉,인테리어가 멋져요,93.0
1317,카페피크닉,뷰가 좋아요,42.0
1318,카페피크닉,음료가 맛있어요,36.0
1319,카페피크닉,사진이 잘 나와요,39.0
1335,홍만당 명동본점,디저트가 맛있어요,228.0
1337,홍만당 명동본점,친절해요,73.0
1339,홍만당 명동본점,매장이 청결해요,17.0
1343,홍만당 명동본점,특별한 메뉴가 있어요,95.0
1345,홍만당 명동본점,가성비가 좋아요,15.0
1357,라운드앤드,커피가 맛있어요,507.0
1359,라운드앤드,빵이 맛있어요,881.0
1360,라운드앤드,친절해요,291.0
1362,라운드앤드,매장이 청결해요,216.0
1364,라운드앤드,음료가 맛있어요,172.0
1380,혜민당,커피가 맛있어요,179.0
1381,혜민당,디저트가 맛있어요,470.0
1384,혜민당,인테리어가 멋져요,266.0
1388,혜민당,사진이 잘 나와요,110.0
1389,혜민당,특별한 메뉴가 있어요,131.0
1404,러시아 케이크,디저트가 맛있어요,73.0
1406,러시아 케이크,친절해요,30.0
1408,러시아 케이크,매장이 청결해요,16.0
1412,러시아 케이크,특별한 메뉴가 있어요,35.0
1426,마뫼,커피가 맛있어요,48.0
1429,마뫼,친절해요,20.0
1430,마뫼,인테리어가 멋져요,23.0
1432,마뫼,뷰가 좋아요,52.0
1433,마뫼,음료가 맛있어요,24.0
1449,더피터커피,커피가 맛있어요,407.0
1450,더피터커피,디저트가 맛있어요,483.0
1452,더피터커피,친절해요,194.0
1453,더피터커피,인테리어가 멋져요,188.0
1454,더피터커피,매장이 청결해요,124.0
1473,죠지서울,디저트가 맛있어요,70.0
1476,죠지서울,인테리어가 멋져요,45.0
1479,죠지서울,음료가 맛있어요,40.0
1480,죠지서울,사진이 잘 나와요,37.0
1481,죠지서울,특별한 메뉴가 있어요,51.0
1495,수잔나의앞치마,커피가 맛있어요,655.0
1496,수잔나의앞치마,디저트가 맛있어요,1024.0
1499,수잔나의앞치마,인테리어가 멋져요,694.0
1500,수잔나의앞치마,매장이 청결해요,322.0
1502,수잔나의앞치마,음료가 맛있어요,351.0
1518,코인 명동점,커피가 맛있어요,109.0
1519,코인 명동점,디저트가 맛있어요,71.0
1521,코인 명동점,친절해요,42.0
1522,코인 명동점,인테리어가 멋져요,62.0
1528,코인 명동점,대화하기 좋아요,40.0
1541,심세정,커피가 맛있어요,159.0
1543,심세정,빵이 맛있어요,297.0
1544,심세정,친절해요,56.0
1545,심세정,인테리어가 멋져요,66.0
1548,심세정,음료가 맛있어요,54.0
1564,카페 아포테케리,커피가 맛있어요,118.0
1565,카페 아포테케리,디저트가 맛있어요,58.0
1568,카페 아포테케리,인테리어가 멋져요,57.0
1569,카페 아포테케리,매장이 청결해요,35.0
1571,카페 아포테케리,음료가 맛있어요,50.0
1587,바캉스커피,커피가 맛있어요,119.0
1590,바캉스커피,친절해요,58.0
1591,바캉스커피,인테리어가 멋져요,94.0
1592,바캉스커피,매장이 청결해요,60.0
1593,바캉스커피,뷰가 좋아요,86.0
1610,한옥카페,커피가 맛있어요,985.0
1613,한옥카페,친절해요,307.0
1614,한옥카페,인테리어가 멋져요,307.0
1615,한옥카페,매장이 청결해요,218.0
1617,한옥카페,음료가 맛있어요,286.0
1633,카페라그린,커피가 맛있어요,100.0
1634,카페라그린,디저트가 맛있어요,83.0
1637,카페라그린,인테리어가 멋져요,76.0
1639,카페라그린,뷰가 좋아요,68.0
1642,카페라그린,특별한 메뉴가 있어요,68.0
1656,커피사,커피가 맛있어요,45.0
1659,커피사,친절해요,11.0
1660,커피사,인테리어가 멋져요,22.0
1663,커피사,음료가 맛있어요,15.0
1666,커피사,대화하기 좋아요,19.0
1679,포엠,커피가 맛있어요,72.0
1680,포엠,디저트가 맛있어요,218.0
1682,포엠,친절해요,120.0
1686,포엠,음료가 맛있어요,83.0
1688,포엠,특별한 메뉴가 있어요,110.0
1702,오프셋커피,커피가 맛있어요,34.0
1705,오프셋커피,친절해요,12.0
1706,오프셋커피,인테리어가 멋져요,17.0
1707,오프셋커피,매장이 청결해요,9.0
1709,오프셋커피,음료가 맛있어요,13.0
1725,스타벅스 환구단점,커피가 맛있어요,985.0
1728,스타벅스 환구단점,친절해요,307.0
1729,스타벅스 환구단점,인테리어가 멋져요,307.0
1730,스타벅스 환구단점,매장이 청결해요,218.0
1732,스타벅스 환구단점,음료가 맛있어요,286.0
1748,분카샤 을지로점,커피가 맛있어요,57.0
1749,분카샤 을지로점,디저트가 맛있어요,100.0
1752,분카샤 을지로점,인테리어가 멋져요,28.0
1755,분카샤 을지로점,음료가 맛있어요,58.0
1757,분카샤 을지로점,특별한 메뉴가 있어요,36.0
1771,카페노티드 종각하이커,커피가 맛있어요,204.0
1772,카페노티드 종각하이커,디저트가 맛있어요,820.0
1774,카페노티드 종각하이커,친절해요,120.0
1776,카페노티드 종각하이커,매장이 청결해요,144.0
1780,카페노티드 종각하이커,특별한 메뉴가 있어요,219.0
1797,고양이놀이터 명동점,친절해요,40.0
1801,고양이놀이터 명동점,음료가 맛있어요,16.0
1802,고양이놀이터 명동점,사진이 잘 나와요,19.0
1817,커피그래,커피가 맛있어요,313.0
1818,커피그래,디저트가 맛있어요,209.0
1820,커피그래,친절해요,118.0
1821,커피그래,인테리어가 멋져요,119.0
1824,커피그래,음료가 맛있어요,123.0
1840,루프트 명동점,커피가 맛있어요,90.0
1841,루프트 명동점,디저트가 맛있어요,28.0
1844,루프트 명동점,인테리어가 멋져요,29.0
1845,루프트 명동점,매장이 청결해요,30.0
1847,루프트 명동점,음료가 맛있어요,27.0
1863,mwm,커피가 맛있어요,37.0
1864,mwm,디저트가 맛있어요,28.0
1866,mwm,친절해요,26.0
1867,mwm,인테리어가 멋져요,32.0
1870,mwm,음료가 맛있어요,20.0
1886,로이터 커피셸터,커피가 맛있어요,11.0
1887,로이터 커피셸터,디저트가 맛있어요,5.0
1889,로이터 커피셸터,친절해요,5.0
1892,로이터 커피셸터,뷰가 좋아요,11.0
1894,로이터 커피셸터,사진이 잘 나와요,8.0
1912,계단집,친절해요,75.0
1918,계단집,특별한 메뉴가 있어요,122.0
1920,계단집,가성비가 좋아요,26.0
1925,계단집,음식이 맛있어요,274.0
1929,계단집,재료가 신선해요,209.0
1932,호텔수선화,커피가 맛있어요,18.0
1936,호텔수선화,인테리어가 멋져요,47.0
1939,호텔수선화,음료가 맛있어요,28.0
1940,호텔수선화,사진이 잘 나와요,17.0
1942,호텔수선화,대화하기 좋아요,22.0
1955,는커피,커피가 맛있어요,16.0
1958,는커피,친절해요,9.0
1959,는커피,인테리어가 멋져요,7.0
1962,는커피,음료가 맛있어요,10.0
1965,는커피,대화하기 좋아요,8.0
1978,스타벅스 동대문공원점,커피가 맛있어요,719.0
1979,스타벅스 동대문공원점,디저트가 맛있어요,233.0
1981,스타벅스 동대문공원점,친절해요,326.0
1983,스타벅스 동대문공원점,매장이 청결해요,216.0
1985,스타벅스 동대문공원점,음료가 맛있어요,365.0
2001,맥심플랜트,커피가 맛있어요,1045.0
2005,맥심플랜트,인테리어가 멋져요,664.0
2006,맥심플랜트,매장이 청결해요,405.0
2011,맥심플랜트,대화하기 좋아요,353.0
2016,맥심플랜트,좌석이 편해요,328.0
2024,오츠커피,커피가 맛있어요,565.0
2025,오츠커피,디저트가 맛있어요,96.0
2027,오츠커피,친절해요,194.0
2031,오츠커피,음료가 맛있어요,186.0
2033,오츠커피,특별한 메뉴가 있어요,134.0
2050,오리올,친절해요,72.0
2051,오리올,인테리어가 멋져요,127.0
2057,오리올,대화하기 좋아요,63.0
2063,오리올,음식이 맛있어요,109.0
2119,오리지널 팬케익하우스 이태원점,친절해요,82.0
2125,오리지널 팬케익하우스 이태원점,특별한 메뉴가 있어요,109.0
2132,오리지널 팬케익하우스 이태원점,음식이 맛있어요,240.0
2133,오리지널 팬케익하우스 이태원점,매장이 넓어요,104.0
2137,오리지널 팬케익하우스 이태원점,양이 많아요,104.0
2139,더로열푸드앤드링크,커피가 맛있어요,98.0
2143,더로열푸드앤드링크,인테리어가 멋져요,79.0
2145,더로열푸드앤드링크,뷰가 좋아요,199.0
2147,더로열푸드앤드링크,사진이 잘 나와요,127.0
2148,더로열푸드앤드링크,특별한 메뉴가 있어요,86.0
2165,오아시스 한남점,친절해요,76.0
2166,오아시스 한남점,인테리어가 멋져요,90.0
2167,오아시스 한남점,매장이 청결해요,80.0
2178,오아시스 한남점,음식이 맛있어요,306.0
2182,오아시스 한남점,재료가 신선해요,90.0
2185,챔프커피 2작업실,커피가 맛있어요,181.0
2186,챔프커피 2작업실,디저트가 맛있어요,37.0
2188,챔프커피 2작업실,친절해요,41.0
2189,챔프커피 2작업실,인테리어가 멋져요,20.0
2192,챔프커피 2작업실,음료가 맛있어요,52.0
2208,테라로사 한남점,커피가 맛있어요,204.0
2212,테라로사 한남점,인테리어가 멋져요,95.0
2213,테라로사 한남점,매장이 청결해요,62.0
2215,테라로사 한남점,음료가 맛있어요,60.0
2218,테라로사 한남점,대화하기 좋아요,71.0
2231,인바이티드,커피가 맛있어요,107.0
2234,인바이티드,친절해요,40.0
2235,인바이티드,인테리어가 멋져요,59.0
2238,인바이티드,음료가 맛있어요,41.0
2241,인바이티드,대화하기 좋아요,38.0
2254,트래버틴,커피가 맛있어요,71.0
2255,트래버틴,디저트가 맛있어요,25.0
2257,트래버틴,친절해요,35.0
2258,트래버틴,인테리어가 멋져요,35.0
2261,트래버틴,음료가 맛있어요,26.0
2277,콩카페 이태원점,커피가 맛있어요,153.0
2280,콩카페 이태원점,친절해요,35.0
2281,콩카페 이태원점,인테리어가 멋져요,62.0
2284,콩카페 이태원점,음료가 맛있어요,76.0
2286,콩카페 이태원점,특별한 메뉴가 있어요,48.0
2300,키에리 이태원점,커피가 맛있어요,229.0
2301,키에리 이태원점,디저트가 맛있어요,733.0
2303,키에리 이태원점,친절해요,229.0
2307,키에리 이태원점,음료가 맛있어요,134.0
2309,키에리 이태원점,특별한 메뉴가 있어요,343.0
2326,써머레인,친절해요,74.0
2327,써머레인,인테리어가 멋져요,71.0
2332,써머레인,특별한 메뉴가 있어요,96.0
2339,써머레인,음식이 맛있어요,321.0
2343,써머레인,재료가 신선해요,120.0
2346,카키바움,커피가 맛있어요,148.0
2349,카키바움,친절해요,126.0
2350,카키바움,인테리어가 멋져요,109.0
2351,카키바움,매장이 청결해요,66.0
2353,카키바움,음료가 맛있어요,64.0
2369,한남베르그,커피가 맛있어요,185.0
2370,한남베르그,디저트가 맛있어요,240.0
2372,한남베르그,친절해요,86.0
2373,한남베르그,인테리어가 멋져요,120.0
2376,한남베르그,음료가 맛있어요,104.0
2392,테이프,커피가 맛있어요,107.0
2393,테이프,디저트가 맛있어요,159.0
2395,테이프,친절해요,49.0
2399,테이프,음료가 맛있어요,69.0
2401,테이프,특별한 메뉴가 있어요,91.0
2415,때가이르매 숙대점,커피가 맛있어요,157.0
2416,때가이르매 숙대점,디저트가 맛있어요,201.0
2419,때가이르매 숙대점,인테리어가 멋져요,146.0
2421,때가이르매 숙대점,뷰가 좋아요,101.0
2422,때가이르매 숙대점,음료가 맛있어요,114.0
2440,버터북,빵이 맛있어요,46.0
2442,버터북,인테리어가 멋져요,19.0
2445,버터북,음료가 맛있어요,19.0
2446,버터북,사진이 잘 나와요,20.0
2447,버터북,특별한 메뉴가 있어요,23.0
2484,원인어밀리언,커피가 맛있어요,72.0
2485,원인어밀리언,디저트가 맛있어요,46.0
2488,원인어밀리언,인테리어가 멋져요,64.0
2491,원인어밀리언,음료가 맛있어요,49.0
2494,원인어밀리언,대화하기 좋아요,38.0
2518,몬스터플레이스,가성비가 좋아요,247.0
2523,몬스터플레이스,음식이 맛있어요,782.0
2527,몬스터플레이스,재료가 신선해요,440.0
2528,몬스터플레이스,양이 많아요,225.0
2529,몬스터플레이스,혼밥하기 좋아요,321.0
2530,바마셀,커피가 맛있어요,92.0
2533,바마셀,친절해요,32.0
2535,바마셀,매장이 청결해요,16.0
2537,바마셀,음료가 맛있어요,13.0
2539,바마셀,특별한 메뉴가 있어요,31.0
2553,오잇,커피가 맛있어요,125.0
2554,오잇,디저트가 맛있어요,115.0
2557,오잇,인테리어가 멋져요,52.0
2559,오잇,뷰가 좋아요,111.0
2561,오잇,사진이 잘 나와요,50.0
2576,헬카페스피리터스,커피가 맛있어요,86.0
2577,헬카페스피리터스,디저트가 맛있어요,19.0
2579,헬카페스피리터스,친절해요,24.0
2580,헬카페스피리터스,인테리어가 멋져요,39.0
2581,헬카페스피리터스,매장이 청결해요,17.0
2599,도렐 육지2호점,커피가 맛있어요,379.0
2600,도렐 육지2호점,디저트가 맛있어요,90.0
2603,도렐 육지2호점,인테리어가 멋져요,89.0
2606,도렐 육지2호점,음료가 맛있어요,140.0
2608,도렐 육지2호점,특별한 메뉴가 있어요,136.0
2622,엘카페커피로스터스,커피가 맛있어요,123.0
2625,엘카페커피로스터스,친절해요,46.0
2626,엘카페커피로스터스,인테리어가 멋져요,45.0
2629,엘카페커피로스터스,음료가 맛있어요,34.0
2631,엘카페커피로스터스,특별한 메뉴가 있어요,23.0
2645,도토리,커피가 맛있어요,337.0
2646,도토리,디저트가 맛있어요,654.0
2649,도토리,인테리어가 멋져요,657.0
2653,도토리,사진이 잘 나와요,277.0
2654,도토리,특별한 메뉴가 있어요,440.0
2668,한남작업실,커피가 맛있어요,175.0
2669,한남작업실,디저트가 맛있어요,67.0
2672,한남작업실,인테리어가 멋져요,110.0
2675,한남작업실,음료가 맛있어요,87.0
2678,한남작업실,대화하기 좋아요,71.0
2691,33아파트먼트,커피가 맛있어요,47.0
2692,33아파트먼트,디저트가 맛있어요,9.0
2694,33아파트먼트,친절해요,18.0
2695,33아파트먼트,인테리어가 멋져요,15.0
2698,33아파트먼트,음료가 맛있어요,10.0
2714,카페노티드 한남점,커피가 맛있어요,209.0
2715,카페노티드 한남점,디저트가 맛있어요,896.0
2716,카페노티드 한남점,빵이 맛있어요,178.0
2717,카페노티드 한남점,친절해요,287.0
2723,카페노티드 한남점,특별한 메뉴가 있어요,320.0
2737,무진장,커피가 맛있어요,158.0
2738,무진장,디저트가 맛있어요,114.0
2741,무진장,인테리어가 멋져요,104.0
2744,무진장,음료가 맛있어요,59.0
2747,무진장,대화하기 좋아요,78.0
2763,서울루덴스,친절해요,22.0
2764,서울루덴스,인테리어가 멋져요,32.0
2766,서울루덴스,뷰가 좋아요,97.0
2767,서울루덴스,음료가 맛있어요,29.0
2768,서울루덴스,사진이 잘 나와요,56.0
2783,뉴오리진 동부이촌점,커피가 맛있어요,94.0
2787,뉴오리진 동부이촌점,인테리어가 멋져요,73.0
2788,뉴오리진 동부이촌점,매장이 청결해요,75.0
2790,뉴오리진 동부이촌점,음료가 맛있어요,66.0
2792,뉴오리진 동부이촌점,특별한 메뉴가 있어요,113.0
2806,널담은공간,커피가 맛있어요,12.0
2807,널담은공간,디저트가 맛있어요,12.0
2809,널담은공간,친절해요,18.0
2812,널담은공간,뷰가 좋아요,12.0
2813,널담은공간,음료가 맛있어요,11.0
2829,삼층로비,커피가 맛있어요,10.0
2830,삼층로비,디저트가 맛있어요,3.0
2832,삼층로비,친절해요,6.0
2833,삼층로비,인테리어가 멋져요,7.0
2836,삼층로비,음료가 맛있어요,4.0
2852,코지빌라커피,커피가 맛있어요,68.0
2853,코지빌라커피,디저트가 맛있어요,43.0
2856,코지빌라커피,인테리어가 멋져요,28.0
2859,코지빌라커피,음료가 맛있어요,23.0
2862,코지빌라커피,대화하기 좋아요,20.0
2875,챔프커피 1작업실,커피가 맛있어요,106.0
2878,챔프커피 1작업실,친절해요,48.0
2879,챔프커피 1작업실,인테리어가 멋져요,17.0
2882,챔프커피 1작업실,음료가 맛있어요,35.0
2884,챔프커피 1작업실,특별한 메뉴가 있어요,37.0
2898,헬카페,커피가 맛있어요,28.0
2899,헬카페,디저트가 맛있어요,4.0
2901,헬카페,친절해요,9.0
2902,헬카페,인테리어가 멋져요,7.0
2905,헬카페,음료가 맛있어요,10.0
2921,골드문커피,커피가 맛있어요,66.0
2924,골드문커피,친절해요,43.0
2925,골드문커피,인테리어가 멋져요,36.0
2926,골드문커피,매장이 청결해요,35.0
2928,골드문커피,음료가 맛있어요,44.0
2944,어프로치커피,커피가 맛있어요,80.0
2945,어프로치커피,디저트가 맛있어요,46.0
2947,어프로치커피,친절해요,26.0
2949,어프로치커피,매장이 청결해요,21.0
2951,어프로치커피,음료가 맛있어요,25.0
2967,팬케이크샵,커피가 맛있어요,34.0
2968,팬케이크샵,디저트가 맛있어요,60.0
2970,팬케이크샵,친절해요,26.0
2971,팬케이크샵,인테리어가 멋져요,34.0
2973,팬케이크샵,뷰가 좋아요,33.0
2990,블루보틀 성수 카페,커피가 맛있어요,2352.0
2993,블루보틀 성수 카페,친절해요,977.0
2994,블루보틀 성수 카페,인테리어가 멋져요,737.0
2995,블루보틀 성수 카페,매장이 청결해요,700.0
2997,블루보틀 성수 카페,음료가 맛있어요,810.0
3082,대림창고,커피가 맛있어요,314.0
3083,대림창고,디저트가 맛있어요,143.0
3086,대림창고,인테리어가 멋져요,267.0
3089,대림창고,음료가 맛있어요,102.0
3090,대림창고,사진이 잘 나와요,90.0
3105,센터커피 서울숲점,커피가 맛있어요,536.0
3108,센터커피 서울숲점,친절해요,135.0
3109,센터커피 서울숲점,인테리어가 멋져요,129.0
3111,센터커피 서울숲점,뷰가 좋아요,241.0
3112,센터커피 서울숲점,음료가 맛있어요,140.0
3128,인더매스 마장,커피가 맛있어요,194.0
3129,인더매스 마장,디저트가 맛있어요,108.0
3132,인더매스 마장,인테리어가 멋져요,60.0
3133,인더매스 마장,매장이 청결해요,54.0
3135,인더매스 마장,음료가 맛있어요,69.0
3151,옹근달,커피가 맛있어요,931.0
3152,옹근달,디저트가 맛있어요,1276.0
3155,옹근달,인테리어가 멋져요,563.0
3158,옹근달,음료가 맛있어요,369.0
3160,옹근달,특별한 메뉴가 있어요,357.0
3174,멜로워 성수플래그쉽,커피가 맛있어요,525.0
3175,멜로워 성수플래그쉽,디저트가 맛있어요,587.0
3177,멜로워 성수플래그쉽,친절해요,280.0
3178,멜로워 성수플래그쉽,인테리어가 멋져요,297.0
3181,멜로워 성수플래그쉽,음료가 맛있어요,231.0
3197,로우키,커피가 맛있어요,180.0
3200,로우키,친절해요,65.0
3201,로우키,인테리어가 멋져요,64.0
3204,로우키,음료가 맛있어요,43.0
3207,로우키,대화하기 좋아요,27.0
3220,카페포제,커피가 맛있어요,89.0
3221,카페포제,디저트가 맛있어요,32.0
3224,카페포제,인테리어가 멋져요,50.0
3225,카페포제,매장이 청결해요,33.0
3227,카페포제,음료가 맛있어요,34.0
3243,마를리,커피가 맛있어요,366.0
3244,마를리,디저트가 맛있어요,458.0
3247,마를리,인테리어가 멋져요,290.0
3250,마를리,음료가 맛있어요,244.0
3253,마를리,대화하기 좋아요,157.0
3266,로우커피스탠드,커피가 맛있어요,284.0
3269,로우커피스탠드,친절해요,76.0
3270,로우커피스탠드,인테리어가 멋져요,18.0
3273,로우커피스탠드,음료가 맛있어요,77.0
3277,로우커피스탠드,가성비가 좋아요,149.0
3289,카페 연무장,커피가 맛있어요,111.0
3290,카페 연무장,디저트가 맛있어요,77.0
3293,카페 연무장,인테리어가 멋져요,94.0
3295,카페 연무장,뷰가 좋아요,99.0
3297,카페 연무장,사진이 잘 나와요,62.0
3312,카멜 성수점,커피가 맛있어요,283.0
3313,카멜 성수점,디저트가 맛있어요,96.0
3316,카멜 성수점,인테리어가 멋져요,129.0
3319,카멜 성수점,음료가 맛있어요,51.0
3320,카멜 성수점,사진이 잘 나와요,65.0
3335,체다앤올리,커피가 맛있어요,104.0
3336,체다앤올리,디저트가 맛있어요,109.0
3341,체다앤올리,뷰가 좋아요,79.0
3342,체다앤올리,음료가 맛있어요,91.0
3344,체다앤올리,특별한 메뉴가 있어요,99.0
3358,도렐 육지3호점,커피가 맛있어요,309.0
3359,도렐 육지3호점,디저트가 맛있어요,128.0
3362,도렐 육지3호점,인테리어가 멋져요,109.0
3365,도렐 육지3호점,음료가 맛있어요,127.0
3367,도렐 육지3호점,특별한 메뉴가 있어요,102.0
3381,우디집,커피가 맛있어요,98.0
3382,우디집,디저트가 맛있어요,87.0
3384,우디집,친절해요,62.0
3385,우디집,인테리어가 멋져요,82.0
3388,우디집,음료가 맛있어요,54.0
3404,갈십리,커피가 맛있어요,76.0
3405,갈십리,디저트가 맛있어요,53.0
3408,갈십리,인테리어가 멋져요,57.0
3411,갈십리,음료가 맛있어요,41.0
3412,갈십리,사진이 잘 나와요,21.0
3427,아우프글렛 금호점,커피가 맛있어요,77.0
3428,아우프글렛 금호점,디저트가 맛있어요,88.0
3430,아우프글렛 금호점,친절해요,30.0
3431,아우프글렛 금호점,인테리어가 멋져요,38.0
3436,아우프글렛 금호점,특별한 메뉴가 있어요,26.0
3450,글로우,커피가 맛있어요,189.0
3451,글로우,디저트가 맛있어요,191.0
3453,글로우,친절해요,69.0
3454,글로우,인테리어가 멋져요,50.0
3457,글로우,음료가 맛있어요,71.0
3473,슈퍼말차 성수,커피가 맛있어요,146.0
3476,슈퍼말차 성수,친절해요,126.0
3477,슈퍼말차 성수,인테리어가 멋져요,128.0
3480,슈퍼말차 성수,음료가 맛있어요,385.0
3482,슈퍼말차 성수,특별한 메뉴가 있어요,162.0
3497,치카치카,디저트가 맛있어요,86.0
3499,치카치카,친절해요,31.0
3500,치카치카,인테리어가 멋져요,9.0
3501,치카치카,매장이 청결해요,15.0
3505,치카치카,특별한 메뉴가 있어요,38.0
3519,5TO7,커피가 맛있어요,231.0
3520,5TO7,디저트가 맛있어요,239.0
3522,5TO7,친절해요,78.0
3523,5TO7,인테리어가 멋져요,114.0
3526,5TO7,음료가 맛있어요,121.0
3542,서울앵무새,커피가 맛있어요,530.0
3543,서울앵무새,디저트가 맛있어요,1680.0
3545,서울앵무새,친절해요,441.0
3546,서울앵무새,인테리어가 멋져요,518.0
3551,서울앵무새,특별한 메뉴가 있어요,729.0
3568,하루&원데이,친절해요,90.0
3569,하루&원데이,인테리어가 멋져요,48.0
3570,하루&원데이,매장이 청결해요,52.0
3581,하루&원데이,음식이 맛있어요,146.0
3588,봉순이네다락방,커피가 맛있어요,59.0
3589,봉순이네다락방,디저트가 맛있어요,57.0
3591,봉순이네다락방,친절해요,35.0
3592,봉순이네다락방,인테리어가 멋져요,60.0
3595,봉순이네다락방,음료가 맛있어요,36.0
3611,메쉬커피,커피가 맛있어요,53.0
3614,메쉬커피,친절해요,16.0
3618,메쉬커피,음료가 맛있어요,10.0
3619,메쉬커피,사진이 잘 나와요,6.0
3620,메쉬커피,특별한 메뉴가 있어요,10.0
3634,카페오롯,커피가 맛있어요,68.0
3635,카페오롯,디저트가 맛있어요,32.0
3638,카페오롯,인테리어가 멋져요,41.0
3641,카페오롯,음료가 맛있어요,30.0
3644,카페오롯,대화하기 좋아요,32.0
3657,어라운드데이,커피가 맛있어요,96.0
3658,어라운드데이,디저트가 맛있어요,105.0
3660,어라운드데이,친절해요,58.0
3661,어라운드데이,인테리어가 멋져요,45.0
3664,어라운드데이,음료가 맛있어요,61.0
3680,훔볼트,커피가 맛있어요,239.0
3681,훔볼트,디저트가 맛있어요,252.0
3684,훔볼트,인테리어가 멋져요,128.0
3685,훔볼트,매장이 청결해요,71.0
3687,훔볼트,음료가 맛있어요,91.0
3703,업사이드커피 뚝섬점,커피가 맛있어요,119.0
3706,업사이드커피 뚝섬점,친절해요,54.0
3708,업사이드커피 뚝섬점,매장이 청결해요,27.0
3710,업사이드커피 뚝섬점,음료가 맛있어요,49.0
3712,업사이드커피 뚝섬점,특별한 메뉴가 있어요,22.0
3726,키커피컴퍼니 왕십리점,커피가 맛있어요,90.0
3727,키커피컴퍼니 왕십리점,디저트가 맛있어요,98.0
3730,키커피컴퍼니 왕십리점,인테리어가 멋져요,42.0
3731,키커피컴퍼니 왕십리점,매장이 청결해요,44.0
3733,키커피컴퍼니 왕십리점,음료가 맛있어요,39.0
3749,카페온화 성수점,커피가 맛있어요,31.0
3750,카페온화 성수점,디저트가 맛있어요,42.0
3754,카페온화 성수점,매장이 청결해요,23.0
3756,카페온화 성수점,음료가 맛있어요,19.0
3764,카페온화 성수점,좌석이 편해요,18.0
3772,오우드,커피가 맛있어요,262.0
3773,오우드,디저트가 맛있어요,324.0
3776,오우드,인테리어가 멋져요,192.0
3777,오우드,매장이 청결해요,119.0
3779,오우드,음료가 맛있어요,124.0
3795,카페노티드 성수,커피가 맛있어요,249.0
3796,카페노티드 성수,디저트가 맛있어요,1981.0
3798,카페노티드 성수,친절해요,538.0
3800,카페노티드 성수,매장이 청결해요,335.0
3804,카페노티드 성수,특별한 메뉴가 있어요,508.0
3818,하루노유키,커피가 맛있어요,48.0
3820,하루노유키,빵이 맛있어요,98.0
3821,하루노유키,친절해요,55.0
3825,하루노유키,음료가 맛있어요,48.0
3827,하루노유키,특별한 메뉴가 있어요,63.0
3841,마크69,커피가 맛있어요,115.0
3842,마크69,디저트가 맛있어요,49.0
3845,마크69,인테리어가 멋져요,104.0
3848,마크69,음료가 맛있어요,53.0
3851,마크69,대화하기 좋아요,46.0
3867,맛차차,친절해요,29.0
3868,맛차차,인테리어가 멋져요,24.0
3870,맛차차,뷰가 좋아요,31.0
3871,맛차차,음료가 맛있어요,40.0
3873,맛차차,특별한 메뉴가 있어요,31.0
3887,아이오쓰리 성수사거리점,커피가 맛있어요,65.0
3890,아이오쓰리 성수사거리점,친절해요,76.0
3891,아이오쓰리 성수사거리점,인테리어가 멋져요,54.0
3892,아이오쓰리 성수사거리점,매장이 청결해요,49.0
3894,아이오쓰리 성수사거리점,음료가 맛있어요,64.0
3910,브라운팟,커피가 맛있어요,191.0
3911,브라운팟,디저트가 맛있어요,188.0
3913,브라운팟,친절해요,91.0
3917,브라운팟,음료가 맛있어요,65.0
3919,브라운팟,특별한 메뉴가 있어요,58.0
3933,플디 성수점,커피가 맛있어요,26.0
3934,플디 성수점,디저트가 맛있어요,68.0
3936,플디 성수점,친절해요,27.0
3940,플디 성수점,음료가 맛있어요,22.0
3942,플디 성수점,특별한 메뉴가 있어요,24.0
3957,카페노티드 피치스,디저트가 맛있어요,959.0
3959,카페노티드 피치스,친절해요,232.0
3960,카페노티드 피치스,인테리어가 멋져요,483.0
3964,카페노티드 피치스,사진이 잘 나와요,245.0
3965,카페노티드 피치스,특별한 메뉴가 있어요,348.0
4002,비엔나커피하우스 서울숲역점,커피가 맛있어요,146.0
4003,비엔나커피하우스 서울숲역점,디저트가 맛있어요,55.0
4005,비엔나커피하우스 서울숲역점,친절해요,48.0
4009,비엔나커피하우스 서울숲역점,음료가 맛있어요,66.0
4012,비엔나커피하우스 서울숲역점,대화하기 좋아요,39.0
4028,도우터,친절해요,18.0
4029,도우터,인테리어가 멋져요,15.0
4035,도우터,대화하기 좋아요,10.0
4041,도우터,음식이 맛있어요,15.0
4049,뚝방길홍차가게,디저트가 맛있어요,100.0
4051,뚝방길홍차가게,친절해요,30.0
4052,뚝방길홍차가게,인테리어가 멋져요,65.0
4055,뚝방길홍차가게,음료가 맛있어요,76.0
4057,뚝방길홍차가게,특별한 메뉴가 있어요,56.0
4117,안다즈커피,커피가 맛있어요,235.0
4118,안다즈커피,디저트가 맛있어요,128.0
4120,안다즈커피,친절해요,66.0
4121,안다즈커피,인테리어가 멋져요,156.0
4124,안다즈커피,음료가 맛있어요,89.0
4140,체리커피,커피가 맛있어요,221.0
4141,체리커피,디저트가 맛있어요,143.0
4143,체리커피,친절해요,77.0
4144,체리커피,인테리어가 멋져요,103.0
4147,체리커피,음료가 맛있어요,84.0
4163,더이퀼리브리엄커피,커피가 맛있어요,58.0
4166,더이퀼리브리엄커피,친절해요,45.0
4167,더이퀼리브리엄커피,인테리어가 멋져요,60.0
4168,더이퀼리브리엄커피,매장이 청결해요,39.0
4170,더이퀼리브리엄커피,음료가 맛있어요,36.0
4189,비에이치테이블,친절해요,32.0
4190,비에이치테이블,인테리어가 멋져요,19.0
4191,비에이치테이블,매장이 청결해요,28.0
4202,비에이치테이블,음식이 맛있어요,80.0
4206,비에이치테이블,재료가 신선해요,40.0
4212,카페히릿,친절해요,13.0
4232,마우스레빗,커피가 맛있어요,80.0
4233,마우스레빗,디저트가 맛있어요,48.0
4236,마우스레빗,인테리어가 멋져요,48.0
4239,마우스레빗,음료가 맛있어요,45.0
4240,마우스레빗,사진이 잘 나와요,26.0
4258,넥스트에디션 건대2호점,친절해요,619.0
4278,랑데자뷰 건대점,커피가 맛있어요,99.0
4279,랑데자뷰 건대점,디저트가 맛있어요,61.0
4282,랑데자뷰 건대점,인테리어가 멋져요,84.0
4285,랑데자뷰 건대점,음료가 맛있어요,65.0
4286,랑데자뷰 건대점,사진이 잘 나와요,60.0
4301,커피나무 건대입구역점,커피가 맛있어요,65.0
4302,커피나무 건대입구역점,디저트가 맛있어요,48.0
4304,커피나무 건대입구역점,친절해요,31.0
4308,커피나무 건대입구역점,음료가 맛있어요,27.0
4311,커피나무 건대입구역점,대화하기 좋아요,20.0
4324,헤르츠커피로스팅,커피가 맛있어요,82.0
4327,헤르츠커피로스팅,친절해요,23.0
4328,헤르츠커피로스팅,인테리어가 멋져요,28.0
4329,헤르츠커피로스팅,매장이 청결해요,14.0
4331,헤르츠커피로스팅,음료가 맛있어요,25.0
4347,그리네,커피가 맛있어요,28.0
4348,그리네,디저트가 맛있어요,53.0
4351,그리네,인테리어가 멋져요,56.0
4354,그리네,음료가 맛있어요,21.0
4355,그리네,사진이 잘 나와요,25.0
4370,도쿄빙수 건대점,커피가 맛있어요,32.0
4371,도쿄빙수 건대점,디저트가 맛있어요,169.0
4373,도쿄빙수 건대점,친절해요,44.0
4377,도쿄빙수 건대점,음료가 맛있어요,34.0
4379,도쿄빙수 건대점,특별한 메뉴가 있어요,95.0
4397,카페 드노보,인테리어가 멋져요,120.0
4398,카페 드노보,매장이 청결해요,50.0
4399,카페 드노보,뷰가 좋아요,53.0
4409,카페 드노보,음식이 맛있어요,111.0
4410,카페 드노보,매장이 넓어요,67.0
4416,펠어커피 구의점,커피가 맛있어요,20.0
4417,펠어커피 구의점,디저트가 맛있어요,13.0
4419,펠어커피 구의점,친절해요,14.0
4423,펠어커피 구의점,음료가 맛있어요,19.0
4425,펠어커피 구의점,특별한 메뉴가 있어요,5.0
4439,설빙 건대직영점,커피가 맛있어요,188.0
4440,설빙 건대직영점,디저트가 맛있어요,844.0
4442,설빙 건대직영점,친절해요,163.0
4446,설빙 건대직영점,음료가 맛있어요,196.0
4448,설빙 건대직영점,특별한 메뉴가 있어요,225.0
4465,키랩보드게임 룸카페 건대본점,친절해요,43.0
4473,키랩보드게임 룸카페 건대본점,가성비가 좋아요,29.0
4480,키랩보드게임 룸카페 건대본점,단체모임 하기 좋아요,27.0
4486,아오스요거트,디저트가 맛있어요,296.0
4488,아오스요거트,친절해요,63.0
4489,아오스요거트,인테리어가 멋져요,54.0
4490,아오스요거트,매장이 청결해요,94.0
4494,아오스요거트,특별한 메뉴가 있어요,187.0
4508,안다미로팬케이크,커피가 맛있어요,65.0
4509,안다미로팬케이크,디저트가 맛있어요,153.0
4511,안다미로팬케이크,친절해요,46.0
4512,안다미로팬케이크,인테리어가 멋져요,66.0
4515,안다미로팬케이크,음료가 맛있어요,69.0
4534,엑스케이프,친절해요,20.0
4557,히어로보드게임카페 건대1호점,친절해요,23.0
4565,히어로보드게임카페 건대1호점,가성비가 좋아요,24.0
4572,히어로보드게임카페 건대1호점,단체모임 하기 좋아요,19.0
4577,카페레디언트,커피가 맛있어요,35.0
4578,카페레디언트,디저트가 맛있어요,20.0
4580,카페레디언트,친절해요,27.0
4581,카페레디언트,인테리어가 멋져요,16.0
4582,카페레디언트,매장이 청결해요,14.0
4600,열매제과점,커피가 맛있어요,22.0
4602,열매제과점,빵이 맛있어요,68.0
4603,열매제과점,친절해요,32.0
4605,열매제과점,매장이 청결해요,13.0
4609,열매제과점,특별한 메뉴가 있어요,22.0
4623,오페뜨 건대점,커피가 맛있어요,106.0
4624,오페뜨 건대점,디저트가 맛있어요,152.0
4627,오페뜨 건대점,인테리어가 멋져요,76.0
4628,오페뜨 건대점,매장이 청결해요,63.0
4630,오페뜨 건대점,음료가 맛있어요,60.0
4646,카페온더플랜 건대점,커피가 맛있어요,68.0
4653,카페온더플랜 건대점,음료가 맛있어요,29.0
4656,카페온더플랜 건대점,대화하기 좋아요,30.0
4658,카페온더플랜 건대점,집중하기 좋아요,49.0
4660,카페온더플랜 건대점,주차하기 편해요,47.0
4669,북카페세모,커피가 맛있어요,111.0
4672,북카페세모,친절해요,102.0
4674,북카페세모,매장이 청결해요,94.0
4676,북카페세모,음료가 맛있어요,115.0
4681,북카페세모,집중하기 좋아요,104.0
4692,보난자커피 군자점,커피가 맛있어요,260.0
4693,보난자커피 군자점,디저트가 맛있어요,108.0
4696,보난자커피 군자점,인테리어가 멋져요,117.0
4697,보난자커피 군자점,매장이 청결해요,74.0
4702,보난자커피 군자점,대화하기 좋아요,51.0
4715,카페러슬,커피가 맛있어요,54.0
4718,카페러슬,친절해요,53.0
4719,카페러슬,인테리어가 멋져요,36.0
4721,카페러슬,뷰가 좋아요,79.0
4722,카페러슬,음료가 맛있어요,56.0
4738,스타벅스 군자역,커피가 맛있어요,924.0
4739,스타벅스 군자역,디저트가 맛있어요,269.0
4741,스타벅스 군자역,친절해요,367.0
4743,스타벅스 군자역,매장이 청결해요,240.0
4745,스타벅스 군자역,음료가 맛있어요,347.0
4761,해피니스디저트 건대점,커피가 맛있어요,110.0
4762,해피니스디저트 건대점,디저트가 맛있어요,324.0
4764,해피니스디저트 건대점,친절해요,93.0
4768,해피니스디저트 건대점,음료가 맛있어요,247.0
4770,해피니스디저트 건대점,특별한 메뉴가 있어요,199.0
4784,밀피,커피가 맛있어요,320.0
4785,밀피,디저트가 맛있어요,248.0
4788,밀피,인테리어가 멋져요,222.0
4791,밀피,음료가 맛있어요,291.0
4794,밀피,대화하기 좋아요,164.0
4807,스타벅스 구의DT,커피가 맛있어요,728.0
4808,스타벅스 구의DT,디저트가 맛있어요,171.0
4810,스타벅스 구의DT,친절해요,281.0
4812,스타벅스 구의DT,매장이 청결해요,163.0
4814,스타벅스 구의DT,음료가 맛있어요,235.0
4830,꼬메노,커피가 맛있어요,66.0
4831,꼬메노,디저트가 맛있어요,43.0
4833,꼬메노,친절해요,45.0
4834,꼬메노,인테리어가 멋져요,50.0
4837,꼬메노,음료가 맛있어요,34.0
4853,플라이팬커피,커피가 맛있어요,65.0
4856,플라이팬커피,친절해요,21.0
4860,플라이팬커피,음료가 맛있어요,23.0
4863,플라이팬커피,대화하기 좋아요,24.0
4868,플라이팬커피,좌석이 편해요,19.0
4876,커피마켓,커피가 맛있어요,204.0
4877,커피마켓,디저트가 맛있어요,79.0
4880,커피마켓,인테리어가 멋져요,68.0
4883,커피마켓,음료가 맛있어요,71.0
4886,커피마켓,대화하기 좋아요,61.0
4899,스타벅스 어린이대공원역,커피가 맛있어요,606.0
4900,스타벅스 어린이대공원역,디저트가 맛있어요,154.0
4902,스타벅스 어린이대공원역,친절해요,231.0
4904,스타벅스 어린이대공원역,매장이 청결해요,204.0
4906,스타벅스 어린이대공원역,음료가 맛있어요,243.0
4925,미어캣족장,친절해요,50.0
4945,라운드브릭,커피가 맛있어요,79.0
4946,라운드브릭,디저트가 맛있어요,66.0
4948,라운드브릭,친절해요,64.0
4952,라운드브릭,음료가 맛있어요,40.0
4956,라운드브릭,가성비가 좋아요,34.0
4968,베러댄,커피가 맛있어요,48.0
4969,베러댄,디저트가 맛있어요,39.0
4972,베러댄,인테리어가 멋져요,50.0
4973,베러댄,매장이 청결해요,42.0
4975,베러댄,음료가 맛있어요,35.0
4991,커피나인 본점,커피가 맛있어요,106.0
4992,커피나인 본점,디저트가 맛있어요,29.0
4994,커피나인 본점,친절해요,39.0
4998,커피나인 본점,음료가 맛있어요,26.0
5001,커피나인 본점,대화하기 좋아요,27.0
5017,카페몰로,친절해요,35.0
5018,카페몰로,인테리어가 멋져요,43.0
5019,카페몰로,매장이 청결해요,34.0
5030,카페몰로,음식이 맛있어요,98.0
5034,카페몰로,재료가 신선해요,30.0
5037,너디블루,커피가 맛있어요,9.0
5038,너디블루,디저트가 맛있어요,9.0
5040,너디블루,친절해요,16.0
5041,너디블루,인테리어가 멋져요,19.0
5044,너디블루,음료가 맛있어요,12.0
5060,카페양귀비,커피가 맛있어요,69.0
5061,카페양귀비,디저트가 맛있어요,134.0
5063,카페양귀비,친절해요,46.0
5064,카페양귀비,인테리어가 멋져요,66.0
5067,카페양귀비,음료가 맛있어요,49.0
5083,오앤디,커피가 맛있어요,18.0
5086,오앤디,친절해요,10.0
5087,오앤디,인테리어가 멋져요,8.0
5090,오앤디,음료가 맛있어요,8.0
5091,오앤디,사진이 잘 나와요,7.0
5109,민들레영토 경희대점,친절해요,44.0
5113,민들레영토 경희대점,음료가 맛있어요,16.0
5115,민들레영토 경희대점,특별한 메뉴가 있어요,15.0
5116,민들레영토 경희대점,대화하기 좋아요,34.0
5117,민들레영토 경희대점,가성비가 좋아요,35.0
5129,컴플리트커피,커피가 맛있어요,54.0
5130,컴플리트커피,디저트가 맛있어요,18.0
5132,컴플리트커피,친절해요,16.0
5133,컴플리트커피,인테리어가 멋져요,15.0
5134,컴플리트커피,매장이 청결해요,11.0
5152,대즐링,커피가 맛있어요,35.0
5153,대즐링,디저트가 맛있어요,56.0
5155,대즐링,친절해요,18.0
5159,대즐링,음료가 맛있어요,21.0
5161,대즐링,특별한 메뉴가 있어요,14.0
5175,더크림,커피가 맛있어요,10.0
5176,더크림,디저트가 맛있어요,13.0
5178,더크림,친절해요,5.0
5179,더크림,인테리어가 멋져요,5.0
5184,더크림,특별한 메뉴가 있어요,5.0
5198,카페온,커피가 맛있어요,60.0
5199,카페온,디저트가 맛있어요,70.0
5201,카페온,친절해요,61.0
5205,카페온,음료가 맛있어요,45.0
5207,카페온,특별한 메뉴가 있어요,43.0
5221,카페림,커피가 맛있어요,85.0
5222,카페림,디저트가 맛있어요,99.0
5224,카페림,친절해요,40.0
5225,카페림,인테리어가 멋져요,46.0
5228,카페림,음료가 맛있어요,41.0
5244,키라쿠,커피가 맛있어요,35.0
5245,키라쿠,디저트가 맛있어요,42.0
5247,키라쿠,친절해요,23.0
5249,키라쿠,매장이 청결해요,14.0
5251,키라쿠,음료가 맛있어요,19.0
5267,스타벅스 장한평역점,커피가 맛있어요,1333.0
5268,스타벅스 장한평역점,디저트가 맛있어요,403.0
5270,스타벅스 장한평역점,친절해요,548.0
5272,스타벅스 장한평역점,매장이 청결해요,349.0
5274,스타벅스 장한평역점,음료가 맛있어요,458.0
5290,스타벅스 답십리역점,커피가 맛있어요,1106.0
5291,스타벅스 답십리역점,디저트가 맛있어요,301.0
5293,스타벅스 답십리역점,친절해요,548.0
5295,스타벅스 답십리역점,매장이 청결해요,304.0
5297,스타벅스 답십리역점,음료가 맛있어요,429.0
5313,스타벅스 신설동역점,커피가 맛있어요,862.0
5314,스타벅스 신설동역점,디저트가 맛있어요,197.0
5316,스타벅스 신설동역점,친절해요,378.0
5318,스타벅스 신설동역점,매장이 청결해요,229.0
5320,스타벅스 신설동역점,음료가 맛있어요,308.0
5336,스타벅스 회기역사거리점,커피가 맛있어요,715.0
5337,스타벅스 회기역사거리점,디저트가 맛있어요,210.0
5339,스타벅스 회기역사거리점,친절해요,263.0
5341,스타벅스 회기역사거리점,매장이 청결해요,171.0
5343,스타벅스 회기역사거리점,음료가 맛있어요,247.0
5362,쁘띠몽드 키즈카페,친절해요,12.0
5364,쁘띠몽드 키즈카페,매장이 청결해요,18.0
5375,쁘띠몽드 키즈카페,음식이 맛있어요,9.0
5382,한시십일분,커피가 맛있어요,43.0
5383,한시십일분,디저트가 맛있어요,39.0
5385,한시십일분,친절해요,23.0
5386,한시십일분,인테리어가 멋져요,40.0
5389,한시십일분,음료가 맛있어요,28.0
5405,비하인드미,커피가 맛있어요,38.0
5406,비하인드미,디저트가 맛있어요,60.0
5408,비하인드미,친절해요,15.0
5409,비하인드미,인테리어가 멋져요,19.0
5412,비하인드미,음료가 맛있어요,22.0
5428,이문동커피집 플랫피플,커피가 맛있어요,66.0
5431,이문동커피집 플랫피플,친절해요,49.0
5435,이문동커피집 플랫피플,음료가 맛있어요,55.0
5437,이문동커피집 플랫피플,특별한 메뉴가 있어요,50.0
5439,이문동커피집 플랫피플,가성비가 좋아요,32.0
5454,디어테이블,친절해요,18.0
5455,디어테이블,인테리어가 멋져요,14.0
5456,디어테이블,매장이 청결해요,13.0
5462,디어테이블,가성비가 좋아요,16.0
5467,디어테이블,음식이 맛있어요,64.0
5474,8번가,커피가 맛있어요,150.0
5475,8번가,디저트가 맛있어요,86.0
5478,8번가,인테리어가 멋져요,92.0
5481,8번가,음료가 맛있어요,64.0
5486,8번가,집중하기 좋아요,57.0
5497,아임파이 외대점,커피가 맛있어요,37.0
5498,아임파이 외대점,디저트가 맛있어요,92.0
5500,아임파이 외대점,친절해요,43.0
5502,아임파이 외대점,매장이 청결해요,35.0
5504,아임파이 외대점,음료가 맛있어요,30.0
5520,카페 트위그,커피가 맛있어요,57.0
5521,카페 트위그,디저트가 맛있어요,59.0
5523,카페 트위그,친절해요,66.0
5524,카페 트위그,인테리어가 멋져요,51.0
5525,카페 트위그,매장이 청결해요,59.0
5546,너나들이 만화카페,친절해요,26.0
5548,너나들이 만화카페,매장이 청결해요,28.0
5559,너나들이 만화카페,음식이 맛있어요,18.0
5566,커피블랑,커피가 맛있어요,52.0
5567,커피블랑,디저트가 맛있어요,29.0
5569,커피블랑,친절해요,30.0
5571,커피블랑,매장이 청결해요,20.0
5573,커피블랑,음료가 맛있어요,18.0
5592,37.5 답십리점,친절해요,16.0
5593,37.5 답십리점,인테리어가 멋져요,19.0
5594,37.5 답십리점,매장이 청결해요,20.0
5605,37.5 답십리점,음식이 맛있어요,79.0
5609,37.5 답십리점,재료가 신선해요,21.0
5612,스타벅스 청량리역사점,커피가 맛있어요,1525.0
5613,스타벅스 청량리역사점,디저트가 맛있어요,398.0
5615,스타벅스 청량리역사점,친절해요,607.0
5617,스타벅스 청량리역사점,매장이 청결해요,343.0
5619,스타벅스 청량리역사점,음료가 맛있어요,506.0
5635,스타벅스 경희대삼거리점,커피가 맛있어요,456.0
5636,스타벅스 경희대삼거리점,디저트가 맛있어요,139.0
5638,스타벅스 경희대삼거리점,친절해요,207.0
5640,스타벅스 경희대삼거리점,매장이 청결해요,134.0
5642,스타벅스 경희대삼거리점,음료가 맛있어요,187.0
5684,세라젬웰카페 서울답십리직영점,친절해요,13.0
5692,세라젬웰카페 서울답십리직영점,가성비가 좋아요,7.0
5704,고소운,커피가 맛있어요,26.0
5705,고소운,디저트가 맛있어요,52.0
5708,고소운,인테리어가 멋져요,25.0
5711,고소운,음료가 맛있어요,23.0
5713,고소운,특별한 메뉴가 있어요,19.0
5727,투썸플레이스 장안점,커피가 맛있어요,165.0
5728,투썸플레이스 장안점,디저트가 맛있어요,107.0
5730,투썸플레이스 장안점,친절해요,75.0
5732,투썸플레이스 장안점,매장이 청결해요,62.0
5734,투썸플레이스 장안점,음료가 맛있어요,70.0
5750,온니당,커피가 맛있어요,4.0
5751,온니당,디저트가 맛있어요,21.0
5753,온니당,친절해요,8.0
5757,온니당,음료가 맛있어요,4.0
5774,설빙 서울회기역점,디저트가 맛있어요,339.0
5776,설빙 서울회기역점,친절해요,102.0
5780,설빙 서울회기역점,음료가 맛있어요,83.0
5782,설빙 서울회기역점,특별한 메뉴가 있어요,65.0
5783,설빙 서울회기역점,대화하기 좋아요,75.0
5796,카페파인,커피가 맛있어요,40.0
5799,카페파인,친절해요,23.0
5800,카페파인,인테리어가 멋져요,24.0
5803,카페파인,음료가 맛있어요,28.0
5808,카페파인,집중하기 좋아요,29.0
5819,프롬하츠커피 용두점,커피가 맛있어요,69.0
5822,프롬하츠커피 용두점,친절해요,31.0
5824,프롬하츠커피 용두점,매장이 청결해요,27.0
5826,프롬하츠커피 용두점,음료가 맛있어요,22.0
5829,프롬하츠커피 용두점,대화하기 좋아요,27.0
5842,카페시사,커피가 맛있어요,50.0
5843,카페시사,디저트가 맛있어요,32.0
5845,카페시사,친절해요,20.0
5847,카페시사,매장이 청결해요,11.0
5849,카페시사,음료가 맛있어요,24.0
5911,투썸플레이스 답십리점,커피가 맛있어요,476.0
5912,투썸플레이스 답십리점,디저트가 맛있어요,312.0
5916,투썸플레이스 답십리점,매장이 청결해요,161.0
5918,투썸플레이스 답십리점,음료가 맛있어요,169.0
5926,투썸플레이스 답십리점,좌석이 편해요,119.0
5934,스타벅스 외대점,커피가 맛있어요,476.0
5935,스타벅스 외대점,디저트가 맛있어요,130.0
5937,스타벅스 외대점,친절해요,265.0
5939,스타벅스 외대점,매장이 청결해요,146.0
5941,스타벅스 외대점,음료가 맛있어요,190.0
5957,투썸플레이스 휘경점,커피가 맛있어요,259.0
5958,투썸플레이스 휘경점,디저트가 맛있어요,180.0
5960,투썸플레이스 휘경점,친절해요,126.0
5962,투썸플레이스 휘경점,매장이 청결해요,129.0
5964,투썸플레이스 휘경점,음료가 맛있어요,106.0
5980,파크더블유,커피가 맛있어요,53.0
5983,파크더블유,친절해요,40.0
5984,파크더블유,인테리어가 멋져요,75.0
5986,파크더블유,뷰가 좋아요,89.0
5996,파크더블유,음식이 맛있어요,39.0
6003,커피스터프,커피가 맛있어요,64.0
6004,커피스터프,디저트가 맛있어요,87.0
6006,커피스터프,친절해요,39.0
6010,커피스터프,음료가 맛있어요,25.0
6012,커피스터프,특별한 메뉴가 있어요,37.0
6029,미니특공대테마파크 면목역점,친절해요,229.0
6031,미니특공대테마파크 면목역점,매장이 청결해요,197.0
6049,카페브릭,커피가 맛있어요,141.0
6050,카페브릭,디저트가 맛있어요,64.0
6053,카페브릭,인테리어가 멋져요,83.0
6056,카페브릭,음료가 맛있어요,56.0
6059,카페브릭,대화하기 좋아요,48.0
6075,라떼플로라,친절해요,4.0
6095,상봉커피,커피가 맛있어요,39.0
6096,상봉커피,디저트가 맛있어요,41.0
6098,상봉커피,친절해요,14.0
6102,상봉커피,음료가 맛있어요,11.0
6104,상봉커피,특별한 메뉴가 있어요,23.0
6118,카페소고 망우점,커피가 맛있어요,72.0
6119,카페소고 망우점,디저트가 맛있어요,35.0
6121,카페소고 망우점,친절해요,34.0
6122,카페소고 망우점,인테리어가 멋져요,26.0
6125,카페소고 망우점,음료가 맛있어요,30.0
6141,카페252,커피가 맛있어요,489.0
6142,카페252,디저트가 맛있어요,298.0
6145,카페252,인테리어가 멋져요,557.0
6146,카페252,매장이 청결해요,317.0
6148,카페252,음료가 맛있어요,241.0
6164,스타벅스 상봉역점,커피가 맛있어요,1018.0
6165,스타벅스 상봉역점,디저트가 맛있어요,313.0
6167,스타벅스 상봉역점,친절해요,411.0
6169,스타벅스 상봉역점,매장이 청결해요,276.0
6171,스타벅스 상봉역점,음료가 맛있어요,350.0
6210,스타벅스 사가정역점,커피가 맛있어요,1034.0
6211,스타벅스 사가정역점,디저트가 맛있어요,315.0
6213,스타벅스 사가정역점,친절해요,473.0
6215,스타벅스 사가정역점,매장이 청결해요,302.0
6217,스타벅스 사가정역점,음료가 맛있어요,389.0
6233,스타벅스 상봉점,커피가 맛있어요,1221.0
6234,스타벅스 상봉점,디저트가 맛있어요,390.0
6236,스타벅스 상봉점,친절해요,473.0
6238,스타벅스 상봉점,매장이 청결해요,334.0
6240,스타벅스 상봉점,음료가 맛있어요,460.0
6256,스타벅스 중랑구청점,커피가 맛있어요,833.0
6257,스타벅스 중랑구청점,디저트가 맛있어요,164.0
6259,스타벅스 중랑구청점,친절해요,442.0
6261,스타벅스 중랑구청점,매장이 청결해요,183.0
6263,스타벅스 중랑구청점,음료가 맛있어요,283.0
6282,다시사랑받개,친절해요,12.0
6286,다시사랑받개,음료가 맛있어요,7.0
6293,다시사랑받개,주차하기 편해요,6.0
6302,디저트아카데미,커피가 맛있어요,19.0
6303,디저트아카데미,디저트가 맛있어요,45.0
6305,디저트아카데미,친절해요,19.0
6307,디저트아카데미,매장이 청결해요,8.0
6311,디저트아카데미,특별한 메뉴가 있어요,8.0
6325,이층커피,커피가 맛있어요,22.0
6328,이층커피,친절해요,27.0
6332,이층커피,음료가 맛있어요,15.0
6334,이층커피,특별한 메뉴가 있어요,15.0
6341,이층커피,음식이 맛있어요,18.0
6348,로기스커피,커피가 맛있어요,45.0
6349,로기스커피,디저트가 맛있어요,19.0
6351,로기스커피,친절해요,25.0
6355,로기스커피,음료가 맛있어요,21.0
6357,로기스커피,특별한 메뉴가 있어요,14.0
6371,설빙 상봉점,커피가 맛있어요,34.0
6372,설빙 상봉점,디저트가 맛있어요,129.0
6378,설빙 상봉점,음료가 맛있어요,37.0
6380,설빙 상봉점,특별한 메뉴가 있어요,46.0
6381,설빙 상봉점,대화하기 좋아요,31.0
6394,모이카페,커피가 맛있어요,145.0
6395,모이카페,디저트가 맛있어요,56.0
6397,모이카페,친절해요,36.0
6401,모이카페,음료가 맛있어요,52.0
6404,모이카페,대화하기 좋아요,36.0
6417,스토어드커피,커피가 맛있어요,28.0
6418,스토어드커피,디저트가 맛있어요,15.0
6420,스토어드커피,친절해요,13.0
6424,스토어드커피,음료가 맛있어요,9.0
6426,스토어드커피,특별한 메뉴가 있어요,7.0
6443,문릿,친절해요,65.0
6444,문릿,인테리어가 멋져요,70.0
6445,문릿,매장이 청결해요,78.0
6456,문릿,음식이 맛있어요,143.0
6460,문릿,재료가 신선해요,51.0
6466,티하우스나니,친절해요,37.0
6467,티하우스나니,인테리어가 멋져요,27.0
6468,티하우스나니,매장이 청결해요,27.0
6470,티하우스나니,음료가 맛있어요,28.0
6487,빈스로드 본사,디저트가 맛있어요,10.0
6489,빈스로드 본사,친절해요,13.0
6493,빈스로드 본사,음료가 맛있어요,16.0
6495,빈스로드 본사,특별한 메뉴가 있어요,6.0
6509,스타벅스 중랑역점,커피가 맛있어요,847.0
6510,스타벅스 중랑역점,디저트가 맛있어요,207.0
6512,스타벅스 중랑역점,친절해요,540.0
6514,스타벅스 중랑역점,매장이 청결해요,206.0
6516,스타벅스 중랑역점,음료가 맛있어요,265.0
6532,커피빈 상봉역점,커피가 맛있어요,254.0
6533,커피빈 상봉역점,디저트가 맛있어요,57.0
6535,커피빈 상봉역점,친절해요,67.0
6539,커피빈 상봉역점,음료가 맛있어요,87.0
6542,커피빈 상봉역점,대화하기 좋아요,54.0
6555,투썸플레이스 망우점,커피가 맛있어요,329.0
6556,투썸플레이스 망우점,디저트가 맛있어요,308.0
6558,투썸플레이스 망우점,친절해요,109.0
6560,투썸플레이스 망우점,매장이 청결해요,169.0
6562,투썸플레이스 망우점,음료가 맛있어요,141.0
6578,투썸플레이스 신내점,커피가 맛있어요,163.0
6579,투썸플레이스 신내점,디저트가 맛있어요,117.0
6583,투썸플레이스 신내점,매장이 청결해요,54.0
6585,투썸플레이스 신내점,음료가 맛있어요,57.0
6588,투썸플레이스 신내점,대화하기 좋아요,44.0
6601,스타벅스 묵동점,커피가 맛있어요,1030.0
6602,스타벅스 묵동점,디저트가 맛있어요,293.0
6604,스타벅스 묵동점,친절해요,351.0
6606,스타벅스 묵동점,매장이 청결해요,327.0
6608,스타벅스 묵동점,음료가 맛있어요,307.0
6624,더바른차담소,커피가 맛있어요,43.0
6625,더바른차담소,디저트가 맛있어요,30.0
6628,더바른차담소,인테리어가 멋져요,20.0
6629,더바른차담소,매장이 청결해요,20.0
6633,더바른차담소,특별한 메뉴가 있어요,20.0
6647,데일리파크,커피가 맛있어요,108.0
6648,데일리파크,디저트가 맛있어요,70.0
6654,데일리파크,음료가 맛있어요,37.0
6656,데일리파크,특별한 메뉴가 있어요,36.0
6657,데일리파크,대화하기 좋아요,36.0
6670,스타벅스 중화역점,커피가 맛있어요,619.0
6671,스타벅스 중화역점,디저트가 맛있어요,170.0
6673,스타벅스 중화역점,친절해요,383.0
6675,스타벅스 중화역점,매장이 청결해요,228.0
6677,스타벅스 중화역점,음료가 맛있어요,222.0
6695,어느날오늘,빵이 맛있어요,46.0
6696,어느날오늘,친절해요,29.0
6698,어느날오늘,매장이 청결해요,13.0
6700,어느날오늘,음료가 맛있어요,5.0
6702,어느날오늘,특별한 메뉴가 있어요,16.0
6716,시즌,커피가 맛있어요,126.0
6717,시즌,디저트가 맛있어요,249.0
6719,시즌,친절해요,147.0
6720,시즌,인테리어가 멋져요,134.0
6723,시즌,음료가 맛있어요,113.0
6739,투썸플레이스 사가정역점,커피가 맛있어요,225.0
6740,투썸플레이스 사가정역점,디저트가 맛있어요,149.0
6742,투썸플레이스 사가정역점,친절해요,79.0
6744,투썸플레이스 사가정역점,매장이 청결해요,74.0
6746,투썸플레이스 사가정역점,음료가 맛있어요,94.0
6762,이노이드커피랩,커피가 맛있어요,72.0
6763,이노이드커피랩,디저트가 맛있어요,31.0
6765,이노이드커피랩,친절해요,41.0
6767,이노이드커피랩,매장이 청결해요,38.0
6769,이노이드커피랩,음료가 맛있어요,41.0
6788,헬로방방 상봉점,친절해요,185.0
6790,헬로방방 상봉점,매장이 청결해요,231.0
6808,투썸플레이스 중랑역점,커피가 맛있어요,158.0
6809,투썸플레이스 중랑역점,디저트가 맛있어요,105.0
6811,투썸플레이스 중랑역점,친절해요,105.0
6813,투썸플레이스 중랑역점,매장이 청결해요,62.0
6815,투썸플레이스 중랑역점,음료가 맛있어요,66.0
6831,디저트39 상봉점,커피가 맛있어요,116.0
6832,디저트39 상봉점,디저트가 맛있어요,131.0
6834,디저트39 상봉점,친절해요,110.0
6838,디저트39 상봉점,음료가 맛있어요,105.0
6842,디저트39 상봉점,가성비가 좋아요,61.0
6854,투썸플레이스 묵동자이점,커피가 맛있어요,128.0
6855,투썸플레이스 묵동자이점,디저트가 맛있어요,135.0
6857,투썸플레이스 묵동자이점,친절해요,72.0
6859,투썸플레이스 묵동자이점,매장이 청결해요,37.0
6861,투썸플레이스 묵동자이점,음료가 맛있어요,73.0
6880,내친구고양이카페,친절해요,8.0
6881,내친구고양이카페,인테리어가 멋져요,2.0
6900,제주역,커피가 맛있어요,115.0
6901,제주역,디저트가 맛있어요,132.0
6904,제주역,인테리어가 멋져요,202.0
6907,제주역,음료가 맛있어요,111.0
6908,제주역,사진이 잘 나와요,138.0
6923,투썸플레이스 서일대점,커피가 맛있어요,90.0
6924,투썸플레이스 서일대점,디저트가 맛있어요,61.0
6926,투썸플레이스 서일대점,친절해요,45.0
6928,투썸플레이스 서일대점,매장이 청결해요,44.0
6938,투썸플레이스 서일대점,좌석이 편해요,37.0
6949,똥강아지카페,친절해요,6.0
6950,똥강아지카페,인테리어가 멋져요,8.0
6954,똥강아지카페,사진이 잘 나와요,9.0
6970,설빙 묵동점,디저트가 맛있어요,275.0
6972,설빙 묵동점,친절해요,93.0
6974,설빙 묵동점,매장이 청결해요,99.0
6976,설빙 묵동점,음료가 맛있어요,69.0
6978,설빙 묵동점,특별한 메뉴가 있어요,79.0
6992,탐앤탐스 상봉메가박스점,커피가 맛있어요,27.0
6993,탐앤탐스 상봉메가박스점,디저트가 맛있어요,14.0
6995,탐앤탐스 상봉메가박스점,친절해요,19.0
6999,탐앤탐스 상봉메가박스점,음료가 맛있어요,12.0
7004,탐앤탐스 상봉메가박스점,집중하기 좋아요,10.0
7015,성북동빵공장,커피가 맛있어요,495.0
7017,성북동빵공장,빵이 맛있어요,1728.0
7019,성북동빵공장,인테리어가 멋져요,275.0
7021,성북동빵공장,뷰가 좋아요,282.0
7024,성북동빵공장,특별한 메뉴가 있어요,314.0
7041,수연산방,친절해요,77.0
7042,수연산방,인테리어가 멋져요,105.0
7044,수연산방,뷰가 좋아요,99.0
7047,수연산방,특별한 메뉴가 있어요,86.0
7061,블랑제메종북악,커피가 맛있어요,232.0
7063,블랑제메종북악,빵이 맛있어요,425.0
7065,블랑제메종북악,인테리어가 멋져요,156.0
7067,블랑제메종북악,뷰가 좋아요,93.0
7068,블랑제메종북악,음료가 맛있어요,76.0
7084,해로커피,커피가 맛있어요,114.0
7085,해로커피,디저트가 맛있어요,32.0
7087,해로커피,친절해요,56.0
7088,해로커피,인테리어가 멋져요,76.0
7091,해로커피,음료가 맛있어요,31.0
7130,폴드커피,커피가 맛있어요,59.0
7131,폴드커피,디저트가 맛있어요,41.0
7133,폴드커피,친절해요,34.0
7134,폴드커피,인테리어가 멋져요,29.0
7137,폴드커피,음료가 맛있어요,25.0
7153,커피명가 안암점,커피가 맛있어요,52.0
7154,커피명가 안암점,디저트가 맛있어요,97.0
7156,커피명가 안암점,친절해요,44.0
7160,커피명가 안암점,음료가 맛있어요,32.0
7162,커피명가 안암점,특별한 메뉴가 있어요,34.0
7199,알렉스더커피 성북점,커피가 맛있어요,45.0
7202,알렉스더커피 성북점,친절해요,14.0
7203,알렉스더커피 성북점,인테리어가 멋져요,26.0
7205,알렉스더커피 성북점,뷰가 좋아요,18.0
7206,알렉스더커피 성북점,음료가 맛있어요,14.0
7222,모블러,커피가 맛있어요,56.0
7223,모블러,디저트가 맛있어요,110.0
7225,모블러,친절해요,45.0
7229,모블러,음료가 맛있어요,22.0
7231,모블러,특별한 메뉴가 있어요,28.0
7245,더홈서울,커피가 맛있어요,21.0
7246,더홈서울,디저트가 맛있어요,12.0
7248,더홈서울,친절해요,11.0
7249,더홈서울,인테리어가 멋져요,21.0
7252,더홈서울,음료가 맛있어요,15.0
7268,카페그리다,커피가 맛있어요,26.0
7270,카페그리다,빵이 맛있어요,52.0
7271,카페그리다,친절해요,37.0
7273,카페그리다,매장이 청결해요,38.0
7275,카페그리다,음료가 맛있어요,34.0
7291,스타벅스 성신여대점,커피가 맛있어요,957.0
7292,스타벅스 성신여대점,디저트가 맛있어요,274.0
7294,스타벅스 성신여대점,친절해요,386.0
7296,스타벅스 성신여대점,매장이 청결해요,209.0
7298,스타벅스 성신여대점,음료가 맛있어요,389.0
7314,정이정,커피가 맛있어요,29.0
7315,정이정,디저트가 맛있어요,9.0
7318,정이정,인테리어가 멋져요,19.0
7320,정이정,뷰가 좋아요,13.0
7326,정이정,집중하기 좋아요,12.0
7337,카페비,커피가 맛있어요,88.0
7344,카페비,음료가 맛있어요,34.0
7347,카페비,대화하기 좋아요,58.0
7349,카페비,집중하기 좋아요,63.0
7352,카페비,좌석이 편해요,46.0
7360,커피매터스,커피가 맛있어요,6.0
7363,커피매터스,친절해요,6.0
7364,커피매터스,인테리어가 멋져요,3.0
7365,커피매터스,매장이 청결해요,2.0
7367,커피매터스,음료가 맛있어요,2.0
7386,헬로방방 돌곶이역점,친절해요,88.0
7388,헬로방방 돌곶이역점,매장이 청결해요,117.0
7407,밀월,디저트가 맛있어요,39.0
7410,밀월,인테리어가 멋져요,33.0
7413,밀월,음료가 맛있어요,25.0
7415,밀월,특별한 메뉴가 있어요,18.0
7429,로스디아스,커피가 맛있어요,61.0
7430,로스디아스,디저트가 맛있어요,77.0
7432,로스디아스,친절해요,49.0
7433,로스디아스,인테리어가 멋져요,40.0
7436,로스디아스,음료가 맛있어요,49.0
7455,째즈스토리,친절해요,6.0
7468,째즈스토리,음식이 맛있어요,6.0
7470,째즈스토리,단체모임 하기 좋아요,4.0
7475,스타벅스 성신여대정문,커피가 맛있어요,1071.0
7476,스타벅스 성신여대정문,디저트가 맛있어요,322.0
7478,스타벅스 성신여대정문,친절해요,519.0
7480,스타벅스 성신여대정문,매장이 청결해요,329.0
7482,스타벅스 성신여대정문,음료가 맛있어요,418.0
7498,네이버후드,커피가 맛있어요,82.0
7499,네이버후드,디저트가 맛있어요,29.0
7501,네이버후드,친절해요,38.0
7504,네이버후드,뷰가 좋아요,39.0
7512,네이버후드,주차하기 편해요,62.0
7525,카페1976,인테리어가 멋져요,226.0
7526,카페1976,매장이 청결해요,164.0
7535,카페1976,주차하기 편해요,161.0
7537,카페1976,음식이 맛있어요,410.0
7538,카페1976,매장이 넓어요,245.0
7544,스타벅스 종암DT점,커피가 맛있어요,803.0
7545,스타벅스 종암DT점,디저트가 맛있어요,220.0
7547,스타벅스 종암DT점,친절해요,321.0
7549,스타벅스 종암DT점,매장이 청결해요,217.0
7551,스타벅스 종암DT점,음료가 맛있어요,322.0
7567,오후홍콩 성신여대점,커피가 맛있어요,10.0
7568,오후홍콩 성신여대점,디저트가 맛있어요,9.0
7570,오후홍콩 성신여대점,친절해요,9.0
7571,오후홍콩 성신여대점,인테리어가 멋져요,13.0
7574,오후홍콩 성신여대점,음료가 맛있어요,19.0
7590,일일커피,커피가 맛있어요,59.0
7591,일일커피,디저트가 맛있어요,40.0
7593,일일커피,친절해요,28.0
7594,일일커피,인테리어가 멋져요,35.0
7595,일일커피,매장이 청결해요,30.0
7613,까쉬,커피가 맛있어요,98.0
7614,까쉬,디저트가 맛있어요,75.0
7616,까쉬,친절해요,60.0
7617,까쉬,인테리어가 멋져요,70.0
7620,까쉬,음료가 맛있어요,61.0
7639,일상,친절해요,53.0
7647,일상,가성비가 좋아요,28.0
7652,일상,음식이 맛있어요,102.0
7656,일상,재료가 신선해요,62.0
7658,일상,혼밥하기 좋아요,28.0
7659,제뉴어리피크닉,커피가 맛있어요,26.0
7660,제뉴어리피크닉,디저트가 맛있어요,69.0
7662,제뉴어리피크닉,친절해요,38.0
7666,제뉴어리피크닉,음료가 맛있어요,38.0
7668,제뉴어리피크닉,특별한 메뉴가 있어요,34.0
7682,카페동선동,커피가 맛있어요,97.0
7683,카페동선동,디저트가 맛있어요,71.0
7685,카페동선동,친절해요,77.0
7686,카페동선동,인테리어가 멋져요,43.0
7689,카페동선동,음료가 맛있어요,54.0
7705,스타벅스 안암역점,커피가 맛있어요,740.0
7706,스타벅스 안암역점,디저트가 맛있어요,157.0
7708,스타벅스 안암역점,친절해요,254.0
7710,스타벅스 안암역점,매장이 청결해요,178.0
7712,스타벅스 안암역점,음료가 맛있어요,230.0
7728,우드&브릭 성북점,커피가 맛있어요,39.0
7730,우드&브릭 성북점,빵이 맛있어요,220.0
7731,우드&브릭 성북점,친절해요,51.0
7733,우드&브릭 성북점,매장이 청결해요,29.0
7737,우드&브릭 성북점,특별한 메뉴가 있어요,38.0
7751,오버스토리,커피가 맛있어요,56.0
7752,오버스토리,디저트가 맛있어요,62.0
7755,오버스토리,인테리어가 멋져요,57.0
7757,오버스토리,뷰가 좋아요,75.0
7759,오버스토리,사진이 잘 나와요,47.0
7774,원오프카페,커피가 맛있어요,47.0
7775,원오프카페,디저트가 맛있어요,76.0
7777,원오프카페,친절해요,33.0
7778,원오프카페,인테리어가 멋져요,48.0
7781,원오프카페,음료가 맛있어요,43.0
7799,이씨네빵집,빵이 맛있어요,481.0
7800,이씨네빵집,친절해요,116.0
7802,이씨네빵집,매장이 청결해요,33.0
7806,이씨네빵집,특별한 메뉴가 있어요,80.0
7808,이씨네빵집,가성비가 좋아요,50.0
7820,프로젝트얼스,커피가 맛있어요,16.0
7821,프로젝트얼스,디저트가 맛있어요,19.0
7823,프로젝트얼스,친절해요,23.0
7827,프로젝트얼스,음료가 맛있어요,10.0
7829,프로젝트얼스,특별한 메뉴가 있어요,13.0
7844,그릭데이 성신여대점,디저트가 맛있어요,169.0
7846,그릭데이 성신여대점,친절해요,125.0
7848,그릭데이 성신여대점,매장이 청결해요,159.0
7852,그릭데이 성신여대점,특별한 메뉴가 있어요,129.0
7854,그릭데이 성신여대점,가성비가 좋아요,79.0
7866,바스크,커피가 맛있어요,28.0
7867,바스크,디저트가 맛있어요,16.0
7869,바스크,친절해요,11.0
7870,바스크,인테리어가 멋져요,7.0
7871,바스크,매장이 청결해요,9.0
7890,비나케이크,디저트가 맛있어요,114.0
7892,비나케이크,친절해요,33.0
7894,비나케이크,매장이 청결해요,25.0
7898,비나케이크,특별한 메뉴가 있어요,32.0
7912,스타벅스 종암점,커피가 맛있어요,591.0
7913,스타벅스 종암점,디저트가 맛있어요,190.0
7915,스타벅스 종암점,친절해요,317.0
7917,스타벅스 종암점,매장이 청결해요,211.0
7919,스타벅스 종암점,음료가 맛있어요,258.0
7935,스타벅스 고대점,커피가 맛있어요,591.0
7936,스타벅스 고대점,디저트가 맛있어요,123.0
7938,스타벅스 고대점,친절해요,199.0
7940,스타벅스 고대점,매장이 청결해요,152.0
7942,스타벅스 고대점,음료가 맛있어요,212.0
7958,모던양갱집,커피가 맛있어요,8.0
7959,모던양갱집,디저트가 맛있어요,29.0
7961,모던양갱집,친절해요,18.0
7963,모던양갱집,매장이 청결해요,11.0
7967,모던양갱집,특별한 메뉴가 있어요,18.0
7984,커피하우스반달,친절해요,39.0
7992,커피하우스반달,가성비가 좋아요,47.0
7997,커피하우스반달,음식이 맛있어요,123.0
8001,커피하우스반달,재료가 신선해요,43.0
8002,커피하우스반달,양이 많아요,33.0
8004,네임드에스프레소,커피가 맛있어요,61.0
8007,네임드에스프레소,친절해요,19.0
8008,네임드에스프레소,인테리어가 멋져요,29.0
8011,네임드에스프레소,음료가 맛있어요,20.0
8012,네임드에스프레소,사진이 잘 나와요,16.0
8027,투썸플레이스 성신여대점,커피가 맛있어요,132.0
8028,투썸플레이스 성신여대점,디저트가 맛있어요,103.0
8030,투썸플레이스 성신여대점,친절해요,46.0
8034,투썸플레이스 성신여대점,음료가 맛있어요,72.0
8037,투썸플레이스 성신여대점,대화하기 좋아요,33.0
8050,카페어니언 미아점,커피가 맛있어요,466.0
8051,카페어니언 미아점,디저트가 맛있어요,458.0
8053,카페어니언 미아점,친절해요,262.0
8054,카페어니언 미아점,인테리어가 멋져요,243.0
8057,카페어니언 미아점,음료가 맛있어요,152.0
8073,미즐카페엠,커피가 맛있어요,288.0
8074,미즐카페엠,디저트가 맛있어요,156.0
8077,미즐카페엠,인테리어가 멋져요,147.0
8079,미즐카페엠,뷰가 좋아요,142.0
8080,미즐카페엠,음료가 맛있어요,92.0
8096,무너미,커피가 맛있어요,58.0
8097,무너미,디저트가 맛있어요,96.0
8100,무너미,인테리어가 멋져요,25.0
8103,무너미,음료가 맛있어요,23.0
8105,무너미,특별한 메뉴가 있어요,29.0
8119,경계선,커피가 맛있어요,46.0
8123,경계선,인테리어가 멋져요,24.0
8124,경계선,매장이 청결해요,17.0
8125,경계선,뷰가 좋아요,22.0
8126,경계선,음료가 맛있어요,21.0
8146,카페멘디,인테리어가 멋져요,97.0
8147,카페멘디,매장이 청결해요,63.0
8148,카페멘디,뷰가 좋아요,58.0
8158,카페멘디,음식이 맛있어요,183.0
8159,카페멘디,매장이 넓어요,85.0
8165,카페 산아래,커피가 맛있어요,355.0
8166,카페 산아래,디저트가 맛있어요,253.0
8169,카페 산아래,인테리어가 멋져요,209.0
8171,카페 산아래,뷰가 좋아요,356.0
8172,카페 산아래,음료가 맛있어요,149.0
8188,제이제곱,커피가 맛있어요,76.0
8191,제이제곱,친절해요,68.0
8192,제이제곱,인테리어가 멋져요,47.0
8195,제이제곱,음료가 맛있어요,55.0
8198,제이제곱,대화하기 좋아요,39.0
8211,릴렉스,커피가 맛있어요,114.0
8212,릴렉스,디저트가 맛있어요,69.0
8215,릴렉스,인테리어가 멋져요,64.0
8217,릴렉스,뷰가 좋아요,108.0
8219,릴렉스,사진이 잘 나와요,43.0
8234,에이머그,커피가 맛있어요,34.0
8235,에이머그,디저트가 맛있어요,15.0
8237,에이머그,친절해요,18.0
8239,에이머그,매장이 청결해요,20.0
8241,에이머그,음료가 맛있어요,18.0
8257,백란,커피가 맛있어요,499.0
8258,백란,디저트가 맛있어요,279.0
8260,백란,친절해요,199.0
8261,백란,인테리어가 멋져요,269.0
8263,백란,뷰가 좋아요,369.0
8280,스타벅스 강북구청사거리점,커피가 맛있어요,1242.0
8281,스타벅스 강북구청사거리점,디저트가 맛있어요,359.0
8283,스타벅스 강북구청사거리점,친절해요,552.0
8285,스타벅스 강북구청사거리점,매장이 청결해요,344.0
8287,스타벅스 강북구청사거리점,음료가 맛있어요,427.0
8306,큐브이스케이프 수유점,친절해요,39.0
8326,스타벅스 미아사거리역점,커피가 맛있어요,1216.0
8327,스타벅스 미아사거리역점,디저트가 맛있어요,326.0
8329,스타벅스 미아사거리역점,친절해요,611.0
8331,스타벅스 미아사거리역점,매장이 청결해요,242.0
8333,스타벅스 미아사거리역점,음료가 맛있어요,446.0
8349,투썸플레이스 미아사거리역점,커피가 맛있어요,1187.0
8350,투썸플레이스 미아사거리역점,디저트가 맛있어요,726.0
8353,투썸플레이스 미아사거리역점,인테리어가 멋져요,560.0
8354,투썸플레이스 미아사거리역점,매장이 청결해요,433.0
8356,투썸플레이스 미아사거리역점,음료가 맛있어요,473.0
8372,스타벅스 수유역점,커피가 맛있어요,1331.0
8373,스타벅스 수유역점,디저트가 맛있어요,425.0
8375,스타벅스 수유역점,친절해요,647.0
8377,스타벅스 수유역점,매장이 청결해요,323.0
8379,스타벅스 수유역점,음료가 맛있어요,482.0
8395,번418,커피가 맛있어요,205.0
8396,번418,디저트가 맛있어요,109.0
8398,번418,친절해요,64.0
8399,번418,인테리어가 멋져요,84.0
8402,번418,음료가 맛있어요,59.0
8418,노르웨이안우드,커피가 맛있어요,22.0
8419,노르웨이안우드,디저트가 맛있어요,60.0
8421,노르웨이안우드,친절해요,23.0
8422,노르웨이안우드,인테리어가 멋져요,29.0
8423,노르웨이안우드,매장이 청결해요,23.0
8444,커피타는고양이,친절해요,24.0
8448,커피타는고양이,음료가 맛있어요,12.0
8464,스타벅스 미아뉴타운점,커피가 맛있어요,802.0
8465,스타벅스 미아뉴타운점,디저트가 맛있어요,214.0
8467,스타벅스 미아뉴타운점,친절해요,244.0
8469,스타벅스 미아뉴타운점,매장이 청결해요,164.0
8471,스타벅스 미아뉴타운점,음료가 맛있어요,252.0
8487,숲속앵두나무카페,커피가 맛있어요,9.0
8488,숲속앵두나무카페,디저트가 맛있어요,8.0
8490,숲속앵두나무카페,친절해요,9.0
8493,숲속앵두나무카페,뷰가 좋아요,9.0
8498,숲속앵두나무카페,가성비가 좋아요,9.0
8511,다정도병인양,디저트가 맛있어요,99.0
8513,다정도병인양,친절해요,73.0
8514,다정도병인양,인테리어가 멋져요,61.0
8517,다정도병인양,음료가 맛있어요,128.0
8519,다정도병인양,특별한 메뉴가 있어요,86.0
8533,전광수커피하우스 북한산점,커피가 맛있어요,226.0
8534,전광수커피하우스 북한산점,디저트가 맛있어요,51.0
8536,전광수커피하우스 북한산점,친절해요,75.0
8538,전광수커피하우스 북한산점,매장이 청결해요,32.0
8540,전광수커피하우스 북한산점,음료가 맛있어요,73.0
8556,스타벅스 파라스파라서울점,커피가 맛있어요,565.0
8559,스타벅스 파라스파라서울점,친절해요,186.0
8560,스타벅스 파라스파라서울점,인테리어가 멋져요,164.0
8561,스타벅스 파라스파라서울점,매장이 청결해요,172.0
8562,스타벅스 파라스파라서울점,뷰가 좋아요,318.0
8579,수유리조트,커피가 맛있어요,444.0
8580,수유리조트,디저트가 맛있어요,324.0
8583,수유리조트,인테리어가 멋져요,323.0
8586,수유리조트,음료가 맛있어요,206.0
8587,수유리조트,사진이 잘 나와요,160.0
8602,카페비르케,커피가 맛있어요,96.0
8603,카페비르케,디저트가 맛있어요,45.0
8605,카페비르케,친절해요,37.0
8606,카페비르케,인테리어가 멋져요,33.0
8609,카페비르케,음료가 맛있어요,35.0
8625,투썸플레이스 수유사거리점,커피가 맛있어요,435.0
8626,투썸플레이스 수유사거리점,디저트가 맛있어요,344.0
8628,투썸플레이스 수유사거리점,친절해요,186.0
8630,투썸플레이스 수유사거리점,매장이 청결해요,146.0
8632,투썸플레이스 수유사거리점,음료가 맛있어요,208.0
8648,삼양여관,커피가 맛있어요,5.0
8649,삼양여관,디저트가 맛있어요,5.0
8651,삼양여관,친절해요,5.0
8652,삼양여관,인테리어가 멋져요,3.0
8655,삼양여관,음료가 맛있어요,8.0
8671,키쉬미뇽,커피가 맛있어요,217.0
8672,키쉬미뇽,디저트가 맛있어요,619.0
8675,키쉬미뇽,인테리어가 멋져요,202.0
8678,키쉬미뇽,음료가 맛있어요,178.0
8680,키쉬미뇽,특별한 메뉴가 있어요,153.0
8697,월드보드카페,친절해요,28.0
8705,월드보드카페,가성비가 좋아요,25.0
8712,월드보드카페,단체모임 하기 좋아요,23.0
8717,스타벅스 미아역점,커피가 맛있어요,1220.0
8718,스타벅스 미아역점,디저트가 맛있어요,288.0
8720,스타벅스 미아역점,친절해요,466.0
8722,스타벅스 미아역점,매장이 청결해요,286.0
8724,스타벅스 미아역점,음료가 맛있어요,465.0
8740,엔제리너스 수유역점,커피가 맛있어요,655.0
8741,엔제리너스 수유역점,디저트가 맛있어요,248.0
8743,엔제리너스 수유역점,친절해요,258.0
8745,엔제리너스 수유역점,매장이 청결해요,216.0
8747,엔제리너스 수유역점,음료가 맛있어요,255.0
8763,할리스 수유사거리점,커피가 맛있어요,183.0
8764,할리스 수유사거리점,디저트가 맛있어요,50.0
8766,할리스 수유사거리점,친절해요,81.0
8770,할리스 수유사거리점,음료가 맛있어요,61.0
8775,할리스 수유사거리점,집중하기 좋아요,52.0
8786,아띠랑스,커피가 맛있어요,440.0
8787,아띠랑스,디저트가 맛있어요,250.0
8790,아띠랑스,인테리어가 멋져요,256.0
8791,아띠랑스,매장이 청결해요,170.0
8793,아띠랑스,음료가 맛있어요,175.0
8809,투썸플레이스 미아테라스파크점,커피가 맛있어요,523.0
8810,투썸플레이스 미아테라스파크점,디저트가 맛있어요,372.0
8812,투썸플레이스 미아테라스파크점,친절해요,151.0
8814,투썸플레이스 미아테라스파크점,매장이 청결해요,126.0
8816,투썸플레이스 미아테라스파크점,음료가 맛있어요,183.0
8832,카페문나잇,커피가 맛있어요,5.0
8833,카페문나잇,디저트가 맛있어요,33.0
8835,카페문나잇,친절해요,11.0
8839,카페문나잇,음료가 맛있어요,8.0
8841,카페문나잇,특별한 메뉴가 있어요,12.0
8858,리틀비틀 수유점,친절해요,22.0
8871,리틀비틀 수유점,음식이 맛있어요,13.0
8878,키치,커피가 맛있어요,41.0
8881,키치,친절해요,20.0
8882,키치,인테리어가 멋져요,30.0
8885,키치,음료가 맛있어요,20.0
8886,키치,사진이 잘 나와요,13.0
8901,투썸플레이스 북한산우이역점,커피가 맛있어요,602.0
8902,투썸플레이스 북한산우이역점,디저트가 맛있어요,274.0
8905,투썸플레이스 북한산우이역점,인테리어가 멋져요,201.0
8906,투썸플레이스 북한산우이역점,매장이 청결해요,230.0
8907,투썸플레이스 북한산우이역점,뷰가 좋아요,413.0
8924,카페다담,커피가 맛있어요,10.0
8925,카페다담,디저트가 맛있어요,5.0
8927,카페다담,친절해요,7.0
8931,카페다담,음료가 맛있어요,6.0
8934,카페다담,대화하기 좋아요,4.0
8947,카페백야,커피가 맛있어요,24.0
8948,카페백야,디저트가 맛있어요,9.0
8950,카페백야,친절해요,13.0
8951,카페백야,인테리어가 멋져요,7.0
8954,카페백야,음료가 맛있어요,12.0
8970,스파웃커피,커피가 맛있어요,15.0
8971,스파웃커피,디저트가 맛있어요,7.0
8973,스파웃커피,친절해요,9.0
8974,스파웃커피,인테리어가 멋져요,5.0
8975,스파웃커피,매장이 청결해요,6.0
8993,투썸플레이스 북서울꿈의숲점,커피가 맛있어요,260.0
8994,투썸플레이스 북서울꿈의숲점,디저트가 맛있어요,143.0
8996,투썸플레이스 북서울꿈의숲점,친절해요,85.0
9000,투썸플레이스 북서울꿈의숲점,음료가 맛있어요,104.0
9003,투썸플레이스 북서울꿈의숲점,대화하기 좋아요,77.0
9016,수유342,커피가 맛있어요,34.0
9019,수유342,친절해요,31.0
9020,수유342,인테리어가 멋져요,29.0
9022,수유342,뷰가 좋아요,30.0
9023,수유342,음료가 맛있어요,24.0
9039,도봉관,커피가 맛있어요,114.0
9040,도봉관,디저트가 맛있어요,144.0
9042,도봉관,친절해요,63.0
9043,도봉관,인테리어가 멋져요,52.0
9046,도봉관,음료가 맛있어요,50.0
9062,카페오븐,커피가 맛있어요,160.0
9063,카페오븐,디저트가 맛있어요,234.0
9065,카페오븐,친절해요,98.0
9069,카페오븐,음료가 맛있어요,93.0
9071,카페오븐,특별한 메뉴가 있어요,101.0
9085,카페작약,커피가 맛있어요,55.0
9088,카페작약,친절해요,54.0
9089,카페작약,인테리어가 멋져요,34.0
9092,카페작약,음료가 맛있어요,36.0
9096,카페작약,가성비가 좋아요,35.0
9108,와겐커피 방학점,커피가 맛있어요,358.0
9109,와겐커피 방학점,디저트가 맛있어요,99.0
9111,와겐커피 방학점,친절해요,101.0
9115,와겐커피 방학점,음료가 맛있어요,120.0
9118,와겐커피 방학점,대화하기 좋아요,101.0
9132,몽상가 크레이프전문점,디저트가 맛있어요,207.0
9134,몽상가 크레이프전문점,친절해요,74.0
9135,몽상가 크레이프전문점,인테리어가 멋져요,28.0
9136,몽상가 크레이프전문점,매장이 청결해요,54.0
9140,몽상가 크레이프전문점,특별한 메뉴가 있어요,103.0
9154,꿀소담,커피가 맛있어요,431.0
9155,꿀소담,디저트가 맛있어요,516.0
9157,꿀소담,친절해요,141.0
9161,꿀소담,음료가 맛있어요,187.0
9163,꿀소담,특별한 메뉴가 있어요,113.0
9177,쌍문동커피,커피가 맛있어요,91.0
9180,쌍문동커피,친절해요,47.0
9181,쌍문동커피,인테리어가 멋져요,39.0
9184,쌍문동커피,음료가 맛있어요,28.0
9187,쌍문동커피,대화하기 좋아요,30.0
9200,카페그리너리티,커피가 맛있어요,125.0
9201,카페그리너리티,디저트가 맛있어요,152.0
9203,카페그리너리티,친절해요,72.0
9204,카페그리너리티,인테리어가 멋져요,58.0
9207,카페그리너리티,음료가 맛있어요,65.0
9223,카페152길,커피가 맛있어요,92.0
9225,카페152길,빵이 맛있어요,243.0
9226,카페152길,친절해요,78.0
9230,카페152길,음료가 맛있어요,67.0
9232,카페152길,특별한 메뉴가 있어요,50.0
9246,산과산사이커피로드,커피가 맛있어요,50.0
9249,산과산사이커피로드,친절해요,45.0
9252,산과산사이커피로드,뷰가 좋아요,29.0
9253,산과산사이커피로드,음료가 맛있어요,29.0
9256,산과산사이커피로드,대화하기 좋아요,17.0
9292,카페더로비,커피가 맛있어요,39.0
9293,카페더로비,디저트가 맛있어요,26.0
9295,카페더로비,친절해요,15.0
9296,카페더로비,인테리어가 멋져요,18.0
9299,카페더로비,음료가 맛있어요,16.0
9315,스타벅스 쌍문역점,커피가 맛있어요,1078.0
9316,스타벅스 쌍문역점,디저트가 맛있어요,333.0
9318,스타벅스 쌍문역점,친절해요,474.0
9320,스타벅스 쌍문역점,매장이 청결해요,293.0
9322,스타벅스 쌍문역점,음료가 맛있어요,497.0
9338,매일이기념일,커피가 맛있어요,18.0
9339,매일이기념일,디저트가 맛있어요,13.0
9341,매일이기념일,친절해요,12.0
9343,매일이기념일,매장이 청결해요,9.0
9345,매일이기념일,음료가 맛있어요,10.0
9361,도봉산커피,커피가 맛있어요,242.0
9364,도봉산커피,친절해요,97.0
9366,도봉산커피,매장이 청결해요,44.0
9368,도봉산커피,음료가 맛있어요,52.0
9372,도봉산커피,가성비가 좋아요,61.0
9387,세라젬웰카페 서울쌍문직영점,친절해요,35.0
9395,세라젬웰카페 서울쌍문직영점,가성비가 좋아요,6.0
9401,세라젬웰카페 서울쌍문직영점,매장이 넓어요,14.0
9407,로로옴,커피가 맛있어요,141.0
9410,로로옴,친절해요,70.0
9411,로로옴,인테리어가 멋져요,124.0
9413,로로옴,뷰가 좋아요,76.0
9415,로로옴,사진이 잘 나와요,72.0
9430,키웨스트 연산군묘점,커피가 맛있어요,308.0
9436,키웨스트 연산군묘점,뷰가 좋아요,96.0
9437,키웨스트 연산군묘점,음료가 맛있어요,94.0
9440,키웨스트 연산군묘점,대화하기 좋아요,114.0
9444,키웨스트 연산군묘점,주차하기 편해요,92.0
9453,스타벅스 창동이마트점,커피가 맛있어요,1020.0
9454,스타벅스 창동이마트점,디저트가 맛있어요,319.0
9456,스타벅스 창동이마트점,친절해요,398.0
9458,스타벅스 창동이마트점,매장이 청결해요,274.0
9460,스타벅스 창동이마트점,음료가 맛있어요,387.0
9476,스타벅스 쌍문도봉로점,커피가 맛있어요,1154.0
9479,스타벅스 쌍문도봉로점,친절해요,504.0
9481,스타벅스 쌍문도봉로점,매장이 청결해요,424.0
9483,스타벅스 쌍문도봉로점,음료가 맛있어요,427.0
9490,스타벅스 쌍문도봉로점,주차하기 편해요,333.0
9502,디아망 강북본점,친절해요,28.0
9522,스타벅스 방학역점,커피가 맛있어요,1195.0
9523,스타벅스 방학역점,디저트가 맛있어요,316.0
9525,스타벅스 방학역점,친절해요,321.0
9527,스타벅스 방학역점,매장이 청결해요,255.0
9529,스타벅스 방학역점,음료가 맛있어요,298.0
9545,온도감,커피가 맛있어요,38.0
9546,온도감,디저트가 맛있어요,57.0
9548,온도감,친절해요,23.0
9552,온도감,음료가 맛있어요,22.0
9554,온도감,특별한 메뉴가 있어요,21.0
9571,모래스푼,친절해요,94.0
9573,모래스푼,매장이 청결해요,118.0
9584,모래스푼,음식이 맛있어요,103.0
9591,카페7179,커피가 맛있어요,12.0
9592,카페7179,디저트가 맛있어요,12.0
9594,카페7179,친절해요,8.0
9598,카페7179,음료가 맛있어요,4.0
9600,카페7179,특별한 메뉴가 있어요,6.0
9614,투썸플레이스 창동역점,커피가 맛있어요,228.0
9615,투썸플레이스 창동역점,디저트가 맛있어요,134.0
9617,투썸플레이스 창동역점,친절해요,71.0
9621,투썸플레이스 창동역점,음료가 맛있어요,87.0
9624,투썸플레이스 창동역점,대화하기 좋아요,76.0
9637,카페에덴,커피가 맛있어요,190.0
9640,카페에덴,친절해요,63.0
9643,카페에덴,뷰가 좋아요,66.0
9644,카페에덴,음료가 맛있어요,60.0
9651,카페에덴,주차하기 편해요,69.0
9683,투썸플레이스 쌍문역점,커피가 맛있어요,379.0
9684,투썸플레이스 쌍문역점,디저트가 맛있어요,246.0
9686,투썸플레이스 쌍문역점,친절해요,114.0
9688,투썸플레이스 쌍문역점,매장이 청결해요,165.0
9690,투썸플레이스 쌍문역점,음료가 맛있어요,162.0
9706,설빙 쌍문점,커피가 맛있어요,96.0
9707,설빙 쌍문점,디저트가 맛있어요,411.0
9709,설빙 쌍문점,친절해요,111.0
9713,설빙 쌍문점,음료가 맛있어요,86.0
9715,설빙 쌍문점,특별한 메뉴가 있어요,99.0
9729,투썸플레이스 방학역점,커피가 맛있어요,189.0
9730,투썸플레이스 방학역점,디저트가 맛있어요,163.0
9732,투썸플레이스 방학역점,친절해요,91.0
9734,투썸플레이스 방학역점,매장이 청결해요,65.0
9736,투썸플레이스 방학역점,음료가 맛있어요,89.0
9752,투썸플레이스 도봉보건소점,커피가 맛있어요,140.0
9753,투썸플레이스 도봉보건소점,디저트가 맛있어요,77.0
9755,투썸플레이스 도봉보건소점,친절해요,55.0
9759,투썸플레이스 도봉보건소점,음료가 맛있어요,36.0
9762,투썸플레이스 도봉보건소점,대화하기 좋아요,42.0
9775,디저트도본,커피가 맛있어요,66.0
9776,디저트도본,디저트가 맛있어요,100.0
9778,디저트도본,친절해요,39.0
9782,디저트도본,음료가 맛있어요,40.0
9784,디저트도본,특별한 메뉴가 있어요,26.0
9798,투썸플레이스 쌍문중앙점,커피가 맛있어요,342.0
9799,투썸플레이스 쌍문중앙점,디저트가 맛있어요,225.0
9801,투썸플레이스 쌍문중앙점,친절해요,118.0
9805,투썸플레이스 쌍문중앙점,음료가 맛있어요,146.0
9810,투썸플레이스 쌍문중앙점,집중하기 좋아요,96.0
9821,카미노커피로스터스,커피가 맛있어요,437.0
9822,카미노커피로스터스,디저트가 맛있어요,97.0
9824,카미노커피로스터스,친절해요,124.0
9826,카미노커피로스터스,매장이 청결해요,83.0
9828,카미노커피로스터스,음료가 맛있어요,132.0
9847,키블리 창동점,친절해요,30.0
9849,키블리 창동점,매장이 청결해요,46.0
9860,키블리 창동점,음식이 맛있어요,22.0
9867,카페푸쿠푸쿠,커피가 맛있어요,5.0
9868,카페푸쿠푸쿠,디저트가 맛있어요,16.0
9870,카페푸쿠푸쿠,친절해요,9.0
9872,카페푸쿠푸쿠,매장이 청결해요,4.0
9874,카페푸쿠푸쿠,음료가 맛있어요,4.0
9893,키즈팡팡 쌍문점,친절해요,117.0
9895,키즈팡팡 쌍문점,매장이 청결해요,53.0
9913,무수울카페,커피가 맛있어요,143.0
9916,무수울카페,친절해요,84.0
9917,무수울카페,인테리어가 멋져요,63.0
9919,무수울카페,뷰가 좋아요,71.0
9920,무수울카페,음료가 맛있어요,64.0
9936,커피스미스 도봉역점,커피가 맛있어요,71.0
9937,커피스미스 도봉역점,디저트가 맛있어요,26.0
9939,커피스미스 도봉역점,친절해요,44.0
9941,커피스미스 도봉역점,매장이 청결해요,24.0
9943,커피스미스 도봉역점,음료가 맛있어요,32.0
9959,창포원북카페 비상,커피가 맛있어요,75.0
9962,창포원북카페 비상,친절해요,39.0
9965,창포원북카페 비상,뷰가 좋아요,63.0
9966,창포원북카페 비상,음료가 맛있어요,25.0
9969,창포원북카페 비상,대화하기 좋아요,34.0
9982,카페고르,커피가 맛있어요,49.0
9983,카페고르,디저트가 맛있어요,31.0
9986,카페고르,인테리어가 멋져요,41.0
9989,카페고르,음료가 맛있어요,28.0
9991,카페고르,특별한 메뉴가 있어요,20.0
10005,마이림,커피가 맛있어요,16.0
10006,마이림,디저트가 맛있어요,75.0
10009,마이림,인테리어가 멋져요,25.0
10012,마이림,음료가 맛있어요,19.0
10014,마이림,특별한 메뉴가 있어요,23.0
10028,라라브레드 공릉점,커피가 맛있어요,330.0
10029,라라브레드 공릉점,디저트가 맛있어요,666.0
10031,라라브레드 공릉점,친절해요,256.0
10033,라라브레드 공릉점,매장이 청결해요,188.0
10037,라라브레드 공릉점,특별한 메뉴가 있어요,327.0
10051,감각,커피가 맛있어요,124.0
10052,감각,디저트가 맛있어요,123.0
10055,감각,인테리어가 멋져요,122.0
10058,감각,음료가 맛있어요,74.0
10059,감각,사진이 잘 나와요,60.0
10074,시드누아 노원본점,커피가 맛있어요,552.0
10075,시드누아 노원본점,디저트가 맛있어요,402.0
10078,시드누아 노원본점,인테리어가 멋져요,252.0
10081,시드누아 노원본점,음료가 맛있어요,226.0
10084,시드누아 노원본점,대화하기 좋아요,203.0
10097,상상과자점,커피가 맛있어요,84.0
10099,상상과자점,빵이 맛있어요,249.0
10100,상상과자점,친절해요,81.0
10102,상상과자점,매장이 청결해요,61.0
10106,상상과자점,특별한 메뉴가 있어요,145.0
10120,표준커피,커피가 맛있어요,68.0
10121,표준커피,디저트가 맛있어요,21.0
10123,표준커피,친절해요,35.0
10124,표준커피,인테리어가 멋져요,36.0
10127,표준커피,음료가 맛있어요,29.0
10143,카페드미셸,커피가 맛있어요,297.0
10144,카페드미셸,디저트가 맛있어요,225.0
10147,카페드미셸,인테리어가 멋져요,87.0
10150,카페드미셸,음료가 맛있어요,119.0
10153,카페드미셸,대화하기 좋아요,112.0
10166,시즌,커피가 맛있어요,126.0
10167,시즌,디저트가 맛있어요,249.0
10169,시즌,친절해요,147.0
10170,시즌,인테리어가 멋져요,134.0
10173,시즌,음료가 맛있어요,113.0
10190,샛별제과,디저트가 맛있어요,21.0
10192,샛별제과,친절해요,14.0
10194,샛별제과,매장이 청결해요,6.0
10198,샛별제과,특별한 메뉴가 있어요,8.0
10212,스타벅스 공릉DT점,커피가 맛있어요,1076.0
10213,스타벅스 공릉DT점,디저트가 맛있어요,228.0
10215,스타벅스 공릉DT점,친절해요,343.0
10217,스타벅스 공릉DT점,매장이 청결해요,203.0
10219,스타벅스 공릉DT점,음료가 맛있어요,295.0
10235,던모스,커피가 맛있어요,90.0
10236,던모스,디저트가 맛있어요,107.0
10239,던모스,인테리어가 멋져요,32.0
10240,던모스,매장이 청결해요,33.0
10242,던모스,음료가 맛있어요,48.0
10258,커피베스코,커피가 맛있어요,141.0
10259,커피베스코,디저트가 맛있어요,102.0
10261,커피베스코,친절해요,85.0
10265,커피베스코,음료가 맛있어요,89.0
10268,커피베스코,대화하기 좋아요,107.0
10281,따미커피,커피가 맛있어요,87.0
10284,따미커피,친절해요,35.0
10285,따미커피,인테리어가 멋져요,30.0
10286,따미커피,매장이 청결해요,29.0
10288,따미커피,음료가 맛있어요,37.0
10304,스윗레시피,커피가 맛있어요,95.0
10305,스윗레시피,디저트가 맛있어요,196.0
10307,스윗레시피,친절해요,70.0
10308,스윗레시피,인테리어가 멋져요,84.0
10311,스윗레시피,음료가 맛있어요,84.0
10327,아너카페,커피가 맛있어요,60.0
10330,아너카페,친절해요,41.0
10331,아너카페,인테리어가 멋져요,30.0
10334,아너카페,음료가 맛있어요,31.0
10339,아너카페,집중하기 좋아요,23.0
10350,스타벅스 노원역점,커피가 맛있어요,1855.0
10351,스타벅스 노원역점,디저트가 맛있어요,527.0
10353,스타벅스 노원역점,친절해요,585.0
10355,스타벅스 노원역점,매장이 청결해요,468.0
10357,스타벅스 노원역점,음료가 맛있어요,590.0
10373,위플랜트위커피,커피가 맛있어요,144.0
10374,위플랜트위커피,디저트가 맛있어요,119.0
10377,위플랜트위커피,인테리어가 멋져요,106.0
10380,위플랜트위커피,음료가 맛있어요,78.0
10381,위플랜트위커피,사진이 잘 나와요,58.0
10396,스타벅스 상계초교사거리점,커피가 맛있어요,1270.0
10397,스타벅스 상계초교사거리점,디저트가 맛있어요,373.0
10399,스타벅스 상계초교사거리점,친절해요,543.0
10401,스타벅스 상계초교사거리점,매장이 청결해요,427.0
10403,스타벅스 상계초교사거리점,음료가 맛있어요,513.0
10442,스타벅스 노원마들역점,커피가 맛있어요,1295.0
10443,스타벅스 노원마들역점,디저트가 맛있어요,366.0
10445,스타벅스 노원마들역점,친절해요,543.0
10447,스타벅스 노원마들역점,매장이 청결해요,351.0
10449,스타벅스 노원마들역점,음료가 맛있어요,416.0
10465,스타벅스 공릉역,커피가 맛있어요,1051.0
10466,스타벅스 공릉역,디저트가 맛있어요,272.0
10468,스타벅스 공릉역,친절해요,406.0
10470,스타벅스 공릉역,매장이 청결해요,273.0
10472,스타벅스 공릉역,음료가 맛있어요,440.0
10491,더메이즈 노원점,친절해요,14.0
10512,몽실디저트,디저트가 맛있어요,219.0
10514,몽실디저트,친절해요,106.0
10516,몽실디저트,매장이 청결해요,40.0
10520,몽실디저트,특별한 메뉴가 있어요,70.0
10522,몽실디저트,가성비가 좋아요,50.0
10534,오피셜커피,커피가 맛있어요,67.0
10535,오피셜커피,디저트가 맛있어요,38.0
10537,오피셜커피,친절해요,26.0
10538,오피셜커피,인테리어가 멋져요,20.0
10541,오피셜커피,음료가 맛있어요,39.0
10557,스타벅스 중계역점,커피가 맛있어요,1868.0
10558,스타벅스 중계역점,디저트가 맛있어요,554.0
10560,스타벅스 중계역점,친절해요,673.0
10562,스타벅스 중계역점,매장이 청결해요,370.0
10564,스타벅스 중계역점,음료가 맛있어요,678.0
10580,투썸플레이스 노원문화의거리점,커피가 맛있어요,1221.0
10581,투썸플레이스 노원문화의거리점,디저트가 맛있어요,985.0
10583,투썸플레이스 노원문화의거리점,친절해요,388.0
10587,투썸플레이스 노원문화의거리점,음료가 맛있어요,621.0
10590,투썸플레이스 노원문화의거리점,대화하기 좋아요,361.0
10603,502세컨즈카페 노원점,커피가 맛있어요,199.0
10604,502세컨즈카페 노원점,디저트가 맛있어요,121.0
10606,502세컨즈카페 노원점,친절해요,122.0
10607,502세컨즈카페 노원점,인테리어가 멋져요,95.0
10610,502세컨즈카페 노원점,음료가 맛있어요,97.0
10626,파브커피,커피가 맛있어요,58.0
10627,파브커피,디저트가 맛있어요,51.0
10629,파브커피,친절해요,21.0
10630,파브커피,인테리어가 멋져요,47.0
10633,파브커피,음료가 맛있어요,27.0
10650,오누이,디저트가 맛있어요,58.0
10652,오누이,친절해요,52.0
10653,오누이,인테리어가 멋져요,41.0
10654,오누이,매장이 청결해요,26.0
10658,오누이,특별한 메뉴가 있어요,43.0
10672,스타벅스 노원KT점,커피가 맛있어요,1361.0
10673,스타벅스 노원KT점,디저트가 맛있어요,350.0
10675,스타벅스 노원KT점,친절해요,466.0
10677,스타벅스 노원KT점,매장이 청결해요,260.0
10679,스타벅스 노원KT점,음료가 맛있어요,489.0
10695,블루마일스커피로스터즈,커피가 맛있어요,137.0
10696,블루마일스커피로스터즈,디저트가 맛있어요,83.0
10699,블루마일스커피로스터즈,인테리어가 멋져요,41.0
10700,블루마일스커피로스터즈,매장이 청결해요,41.0
10702,블루마일스커피로스터즈,음료가 맛있어요,45.0
10718,미라쥬양과점,커피가 맛있어요,34.0
10719,미라쥬양과점,디저트가 맛있어요,232.0
10721,미라쥬양과점,친절해요,59.0
10723,미라쥬양과점,매장이 청결해요,22.0
10727,미라쥬양과점,특별한 메뉴가 있어요,67.0
10741,스타벅스 태릉입구역DT,커피가 맛있어요,765.0
10744,스타벅스 태릉입구역DT,친절해요,288.0
10745,스타벅스 태릉입구역DT,인테리어가 멋져요,203.0
10746,스타벅스 태릉입구역DT,매장이 청결해요,241.0
10748,스타벅스 태릉입구역DT,음료가 맛있어요,273.0
10764,커피콩,커피가 맛있어요,96.0
10765,커피콩,디저트가 맛있어요,83.0
10767,커피콩,친절해요,39.0
10771,커피콩,음료가 맛있어요,50.0
10773,커피콩,특별한 메뉴가 있어요,55.0
10787,플로레스테이블,커피가 맛있어요,89.0
10788,플로레스테이블,디저트가 맛있어요,160.0
10790,플로레스테이블,친절해요,78.0
10791,플로레스테이블,인테리어가 멋져요,53.0
10794,플로레스테이블,음료가 맛있어요,93.0
10810,에슬로우커피 공릉점,커피가 맛있어요,42.0
10811,에슬로우커피 공릉점,디저트가 맛있어요,18.0
10813,에슬로우커피 공릉점,친절해요,21.0
10817,에슬로우커피 공릉점,음료가 맛있어요,25.0
10822,에슬로우커피 공릉점,집중하기 좋아요,22.0
10833,커피빈 노원역점,커피가 맛있어요,537.0
10836,커피빈 노원역점,친절해요,164.0
10838,커피빈 노원역점,매장이 청결해요,158.0
10840,커피빈 노원역점,음료가 맛있어요,219.0
10843,커피빈 노원역점,대화하기 좋아요,170.0
10856,디저트식탁,커피가 맛있어요,76.0
10857,디저트식탁,디저트가 맛있어요,140.0
10859,디저트식탁,친절해요,57.0
10860,디저트식탁,인테리어가 멋져요,51.0
10863,디저트식탁,음료가 맛있어요,69.0
10879,이너모스트,커피가 맛있어요,25.0
10880,이너모스트,디저트가 맛있어요,13.0
10882,이너모스트,친절해요,23.0
10883,이너모스트,인테리어가 멋져요,21.0
10886,이너모스트,음료가 맛있어요,16.0
10902,플랫커피,커피가 맛있어요,32.0
10903,플랫커피,디저트가 맛있어요,10.0
10905,플랫커피,친절해요,8.0
10906,플랫커피,인테리어가 멋져요,13.0
10909,플랫커피,음료가 맛있어요,10.0
10925,비엔나커피하우스 노원역점,커피가 맛있어요,707.0
10928,비엔나커피하우스 노원역점,친절해요,187.0
10930,비엔나커피하우스 노원역점,매장이 청결해요,162.0
10932,비엔나커피하우스 노원역점,음료가 맛있어요,242.0
10935,비엔나커피하우스 노원역점,대화하기 좋아요,161.0
10948,1일1잔,커피가 맛있어요,11.0
10949,1일1잔,디저트가 맛있어요,9.0
10951,1일1잔,친절해요,7.0
10955,1일1잔,음료가 맛있어요,2.0
10959,1일1잔,가성비가 좋아요,3.0
10971,스타벅스 은행사거리점,커피가 맛있어요,1218.0
10972,스타벅스 은행사거리점,디저트가 맛있어요,343.0
10974,스타벅스 은행사거리점,친절해요,373.0
10976,스타벅스 은행사거리점,매장이 청결해요,191.0
10978,스타벅스 은행사거리점,음료가 맛있어요,488.0
10994,르다,커피가 맛있어요,31.0
10995,르다,디저트가 맛있어요,15.0
10997,르다,친절해요,13.0
10998,르다,인테리어가 멋져요,17.0
11001,르다,음료가 맛있어요,9.0
11017,에이치큐브,커피가 맛있어요,81.0
11020,에이치큐브,친절해요,38.0
11024,에이치큐브,음료가 맛있어요,52.0
11027,에이치큐브,대화하기 좋아요,36.0
11029,에이치큐브,집중하기 좋아요,37.0
11040,카페기차가있는풍경,커피가 맛있어요,843.0
11043,카페기차가있는풍경,친절해요,407.0
11044,카페기차가있는풍경,인테리어가 멋져요,794.0
11045,카페기차가있는풍경,매장이 청결해요,351.0
11046,카페기차가있는풍경,뷰가 좋아요,579.0
11063,1인1잔,커피가 맛있어요,416.0
11064,1인1잔,디저트가 맛있어요,234.0
11067,1인1잔,인테리어가 멋져요,308.0
11069,1인1잔,뷰가 좋아요,615.0
11071,1인1잔,사진이 잘 나와요,270.0
11086,카페뤽상부르,커피가 맛있어요,69.0
11087,카페뤽상부르,디저트가 맛있어요,78.0
11089,카페뤽상부르,친절해요,24.0
11090,카페뤽상부르,인테리어가 멋져요,33.0
11093,카페뤽상부르,음료가 맛있어요,38.0
11109,근린커피,커피가 맛있어요,146.0
11112,근린커피,친절해요,50.0
11113,근린커피,인테리어가 멋져요,51.0
11115,근린커피,뷰가 좋아요,57.0
11116,근린커피,음료가 맛있어요,61.0
11135,롱브레드 은평한옥마을점,친절해요,128.0
11136,롱브레드 은평한옥마을점,인테리어가 멋져요,127.0
11137,롱브레드 은평한옥마을점,매장이 청결해요,86.0
11138,롱브레드 은평한옥마을점,뷰가 좋아요,315.0
11148,롱브레드 은평한옥마을점,음식이 맛있어요,364.0
11155,YM커피프로젝트,커피가 맛있어요,199.0
11156,YM커피프로젝트,디저트가 맛있어요,64.0
11158,YM커피프로젝트,친절해요,112.0
11159,YM커피프로젝트,인테리어가 멋져요,111.0
11162,YM커피프로젝트,음료가 맛있어요,62.0
11201,휴가,커피가 맛있어요,76.0
11202,휴가,디저트가 맛있어요,66.0
11203,휴가,빵이 맛있어요,63.0
11204,휴가,친절해요,52.0
11205,휴가,인테리어가 멋져요,86.0
11224,카페볼가심,커피가 맛있어요,38.0
11225,카페볼가심,디저트가 맛있어요,23.0
11227,카페볼가심,친절해요,15.0
11230,카페볼가심,뷰가 좋아요,37.0
11231,카페볼가심,음료가 맛있어요,17.0
11247,213점,커피가 맛있어요,36.0
11248,213점,디저트가 맛있어요,34.0
11250,213점,친절해요,35.0
11252,213점,매장이 청결해요,17.0
11254,213점,음료가 맛있어요,20.0
11293,플럽커피,커피가 맛있어요,153.0
11294,플럽커피,디저트가 맛있어요,142.0
11296,플럽커피,친절해요,73.0
11297,플럽커피,인테리어가 멋져요,109.0
11300,플럽커피,음료가 맛있어요,93.0
11316,스타벅스 은평구청입구점,커피가 맛있어요,1146.0
11317,스타벅스 은평구청입구점,디저트가 맛있어요,309.0
11319,스타벅스 은평구청입구점,친절해요,481.0
11321,스타벅스 은평구청입구점,매장이 청결해요,331.0
11323,스타벅스 은평구청입구점,음료가 맛있어요,389.0
11339,823m,커피가 맛있어요,22.0
11340,823m,디저트가 맛있어요,25.0
11342,823m,친절해요,16.0
11343,823m,인테리어가 멋져요,20.0
11346,823m,음료가 맛있어요,14.0
11385,카페미제,커피가 맛있어요,61.0
11388,카페미제,친절해요,22.0
11392,카페미제,음료가 맛있어요,29.0
11395,카페미제,대화하기 좋아요,29.0
11400,카페미제,좌석이 편해요,23.0
11408,스타벅스 불광역점,커피가 맛있어요,1223.0
11409,스타벅스 불광역점,디저트가 맛있어요,311.0
11411,스타벅스 불광역점,친절해요,419.0
11413,스타벅스 불광역점,매장이 청결해요,303.0
11415,스타벅스 불광역점,음료가 맛있어요,377.0
11431,도토리카페,커피가 맛있어요,87.0
11436,도토리카페,매장이 청결해요,16.0
11437,도토리카페,뷰가 좋아요,35.0
11438,도토리카페,음료가 맛있어요,32.0
11441,도토리카페,대화하기 좋아요,26.0
11454,온도차,커피가 맛있어요,43.0
11455,온도차,디저트가 맛있어요,14.0
11457,온도차,친절해요,19.0
11459,온도차,매장이 청결해요,20.0
11461,온도차,음료가 맛있어요,25.0
11477,알키미스타,커피가 맛있어요,76.0
11478,알키미스타,디저트가 맛있어요,21.0
11480,알키미스타,친절해요,23.0
11481,알키미스타,인테리어가 멋져요,22.0
11484,알키미스타,음료가 맛있어요,21.0
11500,해례커피,커피가 맛있어요,130.0
11501,해례커피,디저트가 맛있어요,60.0
11503,해례커피,친절해요,65.0
11504,해례커피,인테리어가 멋져요,62.0
11507,해례커피,음료가 맛있어요,48.0
11523,카페아사,커피가 맛있어요,42.0
11526,카페아사,친절해요,15.0
11528,카페아사,매장이 청결해요,7.0
11530,카페아사,음료가 맛있어요,12.0
11533,카페아사,대화하기 좋아요,7.0
11551,볼베어파크 은평점,매장이 청결해요,459.0
11560,볼베어파크 은평점,주차하기 편해요,893.0
11572,명금탕,친절해요,7.0
11592,스타벅스 구파발역점,커피가 맛있어요,1065.0
11593,스타벅스 구파발역점,디저트가 맛있어요,302.0
11595,스타벅스 구파발역점,친절해요,563.0
11597,스타벅스 구파발역점,매장이 청결해요,284.0
11599,스타벅스 구파발역점,음료가 맛있어요,374.0
11615,탐나도다,커피가 맛있어요,41.0
11616,탐나도다,디저트가 맛있어요,12.0
11618,탐나도다,친절해요,11.0
11619,탐나도다,인테리어가 멋져요,13.0
11622,탐나도다,음료가 맛있어요,12.0
11638,카페달력,커피가 맛있어요,26.0
11639,카페달력,디저트가 맛있어요,25.0
11641,카페달력,친절해요,20.0
11642,카페달력,인테리어가 멋져요,15.0
11645,카페달력,음료가 맛있어요,16.0
11661,투썸플레이스 은평구청점,커피가 맛있어요,326.0
11662,투썸플레이스 은평구청점,디저트가 맛있어요,279.0
11664,투썸플레이스 은평구청점,친절해요,116.0
11666,투썸플레이스 은평구청점,매장이 청결해요,118.0
11668,투썸플레이스 은평구청점,음료가 맛있어요,158.0
11687,힐링앤툰,친절해요,4.0
11695,힐링앤툰,가성비가 좋아요,4.0
11700,힐링앤툰,음식이 맛있어요,4.0
11707,스타벅스 구산역점,커피가 맛있어요,1005.0
11708,스타벅스 구산역점,디저트가 맛있어요,270.0
11710,스타벅스 구산역점,친절해요,453.0
11712,스타벅스 구산역점,매장이 청결해요,314.0
11714,스타벅스 구산역점,음료가 맛있어요,363.0
11730,스타벅스 연신내역사거리점,커피가 맛있어요,1474.0
11731,스타벅스 연신내역사거리점,디저트가 맛있어요,419.0
11733,스타벅스 연신내역사거리점,친절해요,731.0
11735,스타벅스 연신내역사거리점,매장이 청결해요,342.0
11737,스타벅스 연신내역사거리점,음료가 맛있어요,532.0
11753,스타벅스 진관DT점,커피가 맛있어요,636.0
11756,스타벅스 진관DT점,친절해요,204.0
11757,스타벅스 진관DT점,인테리어가 멋져요,181.0
11759,스타벅스 진관DT점,뷰가 좋아요,372.0
11760,스타벅스 진관DT점,음료가 맛있어요,195.0
11776,코피티암,커피가 맛있어요,456.0
11777,코피티암,디저트가 맛있어요,241.0
11780,코피티암,인테리어가 멋져요,190.0
11783,코피티암,음료가 맛있어요,229.0
11786,코피티암,대화하기 좋아요,207.0
11799,스타벅스 연신내점,커피가 맛있어요,1060.0
11800,스타벅스 연신내점,디저트가 맛있어요,284.0
11802,스타벅스 연신내점,친절해요,446.0
11804,스타벅스 연신내점,매장이 청결해요,239.0
11806,스타벅스 연신내점,음료가 맛있어요,370.0
11822,로즈드마이,커피가 맛있어요,107.0
11823,로즈드마이,디저트가 맛있어요,108.0
11825,로즈드마이,친절해요,48.0
11829,로즈드마이,음료가 맛있어요,42.0
11832,로즈드마이,대화하기 좋아요,26.0
11845,카페메이트,커피가 맛있어요,79.0
11848,카페메이트,친절해요,26.0
11850,카페메이트,매장이 청결해요,29.0
11852,카페메이트,음료가 맛있어요,33.0
11855,카페메이트,대화하기 좋아요,35.0
11868,어뮤즈멜로우,커피가 맛있어요,46.0
11869,어뮤즈멜로우,디저트가 맛있어요,54.0
11871,어뮤즈멜로우,친절해요,33.0
11872,어뮤즈멜로우,인테리어가 멋져요,41.0
11875,어뮤즈멜로우,음료가 맛있어요,45.0
11891,커피생각,커피가 맛있어요,69.0
11892,커피생각,디저트가 맛있어요,22.0
11894,커피생각,친절해요,40.0
11898,커피생각,음료가 맛있어요,25.0
11901,커피생각,대화하기 좋아요,23.0
11914,카페와인드,커피가 맛있어요,43.0
11915,카페와인드,디저트가 맛있어요,22.0
11917,카페와인드,친절해요,30.0
11919,카페와인드,매장이 청결해요,28.0
11921,카페와인드,음료가 맛있어요,24.0
11937,제이츠커피브루어스,커피가 맛있어요,14.0
11938,제이츠커피브루어스,디저트가 맛있어요,8.0
11940,제이츠커피브루어스,친절해요,7.0
11942,제이츠커피브루어스,매장이 청결해요,6.0
11944,제이츠커피브루어스,음료가 맛있어요,7.0
11960,오핀로스터리,커피가 맛있어요,237.0
11963,오핀로스터리,친절해요,68.0
11965,오핀로스터리,매장이 청결해요,68.0
11967,오핀로스터리,음료가 맛있어요,70.0
11974,오핀로스터리,주차하기 편해요,73.0
11983,할리스 연신내점,커피가 맛있어요,600.0
11984,할리스 연신내점,디저트가 맛있어요,198.0
11990,할리스 연신내점,음료가 맛있어요,254.0
11993,할리스 연신내점,대화하기 좋아요,224.0
11995,할리스 연신내점,집중하기 좋아요,207.0
12006,폴스타베이커스,커피가 맛있어요,295.0
12008,폴스타베이커스,빵이 맛있어요,405.0
12010,폴스타베이커스,인테리어가 멋져요,169.0
12011,폴스타베이커스,매장이 청결해요,155.0
12016,폴스타베이커스,대화하기 좋아요,92.0
12052,커피디지 응암본점,커피가 맛있어요,200.0
12055,커피디지 응암본점,친절해요,81.0
12057,커피디지 응암본점,매장이 청결해요,44.0
12059,커피디지 응암본점,음료가 맛있어요,64.0
12063,커피디지 응암본점,가성비가 좋아요,55.0
12075,앤트러사이트 연희점,커피가 맛있어요,212.0
12078,앤트러사이트 연희점,친절해요,65.0
12079,앤트러사이트 연희점,인테리어가 멋져요,98.0
12080,앤트러사이트 연희점,매장이 청결해요,65.0
12087,앤트러사이트 연희점,집중하기 좋아요,62.0
12098,더파이홀,커피가 맛있어요,213.0
12099,더파이홀,디저트가 맛있어요,642.0
12101,더파이홀,친절해요,151.0
12105,더파이홀,음료가 맛있어요,147.0
12107,더파이홀,특별한 메뉴가 있어요,198.0
12144,독수리다방,커피가 맛있어요,183.0
12148,독수리다방,인테리어가 멋져요,127.0
12150,독수리다방,뷰가 좋아요,146.0
12151,독수리다방,음료가 맛있어요,83.0
12156,독수리다방,집중하기 좋아요,93.0
12168,그릭데이 이대점,디저트가 맛있어요,366.0
12170,그릭데이 이대점,친절해요,114.0
12171,그릭데이 이대점,인테리어가 멋져요,177.0
12172,그릭데이 이대점,매장이 청결해요,223.0
12176,그릭데이 이대점,특별한 메뉴가 있어요,231.0
12190,스웨이커피스테이션,커피가 맛있어요,244.0
12193,스웨이커피스테이션,친절해요,103.0
12194,스웨이커피스테이션,인테리어가 멋져요,177.0
12197,스웨이커피스테이션,음료가 맛있어요,80.0
12198,스웨이커피스테이션,사진이 잘 나와요,78.0
12214,클로리스 신촌점,디저트가 맛있어요,116.0
12217,클로리스 신촌점,인테리어가 멋져요,121.0
12220,클로리스 신촌점,음료가 맛있어요,153.0
12223,클로리스 신촌점,대화하기 좋아요,88.0
12236,하이드미플리즈,커피가 맛있어요,103.0
12237,하이드미플리즈,디저트가 맛있어요,105.0
12239,하이드미플리즈,친절해요,54.0
12240,하이드미플리즈,인테리어가 멋져요,40.0
12243,하이드미플리즈,음료가 맛있어요,37.0
12259,롯지190,커피가 맛있어요,54.0
12260,롯지190,디저트가 맛있어요,35.0
12262,롯지190,친절해요,20.0
12263,롯지190,인테리어가 멋져요,25.0
12266,롯지190,음료가 맛있어요,21.0
12282,벙커1,커피가 맛있어요,8.0
12285,벙커1,친절해요,6.0
12289,벙커1,음료가 맛있어요,5.0
12292,벙커1,대화하기 좋아요,3.0
12293,벙커1,가성비가 좋아요,3.0
12305,로덴드론,커피가 맛있어요,255.0
12306,로덴드론,디저트가 맛있어요,87.0
12308,로덴드론,친절해요,110.0
12309,로덴드론,인테리어가 멋져요,93.0
12312,로덴드론,음료가 맛있어요,83.0
12329,호밀밭,디저트가 맛있어요,406.0
12331,호밀밭,친절해요,115.0
12333,호밀밭,매장이 청결해요,90.0
12337,호밀밭,특별한 메뉴가 있어요,138.0
12339,호밀밭,가성비가 좋아요,127.0
12351,푸어링아웃,커피가 맛있어요,61.0
12352,푸어링아웃,디저트가 맛있어요,34.0
12354,푸어링아웃,친절해요,31.0
12355,푸어링아웃,인테리어가 멋져요,33.0
12363,푸어링아웃,집중하기 좋아요,22.0
12374,올레무스,커피가 맛있어요,30.0
12375,올레무스,디저트가 맛있어요,115.0
12377,올레무스,친절해요,69.0
12381,올레무스,음료가 맛있어요,40.0
12383,올레무스,특별한 메뉴가 있어요,107.0
12400,헬로방방 남가좌충암점,친절해요,17.0
12402,헬로방방 남가좌충암점,매장이 청결해요,9.0
12420,원앤온리커피,커피가 맛있어요,45.0
12421,원앤온리커피,디저트가 맛있어요,29.0
12423,원앤온리커피,친절해요,22.0
12424,원앤온리커피,인테리어가 멋져요,29.0
12427,원앤온리커피,음료가 맛있어요,24.0
12443,미네르바,커피가 맛있어요,71.0
12446,미네르바,친절해요,27.0
12447,미네르바,인테리어가 멋져요,28.0
12448,미네르바,매장이 청결해요,16.0
12453,미네르바,대화하기 좋아요,26.0
12466,프로토콜,커피가 맛있어요,133.0
12469,프로토콜,친절해요,50.0
12470,프로토콜,인테리어가 멋져요,102.0
12472,프로토콜,뷰가 좋아요,44.0
12478,프로토콜,집중하기 좋아요,108.0
12489,스타벅스 연희DT점,커피가 맛있어요,595.0
12490,스타벅스 연희DT점,디저트가 맛있어요,153.0
12492,스타벅스 연희DT점,친절해요,202.0
12494,스타벅스 연희DT점,매장이 청결해요,133.0
12496,스타벅스 연희DT점,음료가 맛있어요,211.0
12512,에이투지카페,커피가 맛있어요,24.0
12513,에이투지카페,디저트가 맛있어요,12.0
12515,에이투지카페,친절해요,14.0
12517,에이투지카페,매장이 청결해요,14.0
12519,에이투지카페,음료가 맛있어요,17.0
12535,디폴트밸류,커피가 맛있어요,188.0
12536,디폴트밸류,디저트가 맛있어요,79.0
12538,디폴트밸류,친절해요,90.0
12542,디폴트밸류,음료가 맛있어요,68.0
12544,디폴트밸류,특별한 메뉴가 있어요,67.0
12561,베어스덴,친절해요,31.0
12562,베어스덴,인테리어가 멋져요,26.0
12567,베어스덴,특별한 메뉴가 있어요,26.0
12574,베어스덴,음식이 맛있어요,108.0
12578,베어스덴,재료가 신선해요,29.0
12584,룸익스케이프 화이트점,친절해요,14.0
12607,레드버튼 신촌점,친절해요,124.0
12622,레드버튼 신촌점,단체모임 하기 좋아요,116.0
12627,투썸플레이스 신촌점,커피가 맛있어요,833.0
12628,투썸플레이스 신촌점,디저트가 맛있어요,639.0
12630,투썸플레이스 신촌점,친절해요,285.0
12634,투썸플레이스 신촌점,음료가 맛있어요,412.0
12637,투썸플레이스 신촌점,대화하기 좋아요,283.0
12650,스타벅스 신촌점,커피가 맛있어요,733.0
12651,스타벅스 신촌점,디저트가 맛있어요,191.0
12653,스타벅스 신촌점,친절해요,320.0
12657,스타벅스 신촌점,음료가 맛있어요,230.0
12662,스타벅스 신촌점,집중하기 좋아요,208.0
12673,설빙 신촌점,커피가 맛있어요,92.0
12674,설빙 신촌점,디저트가 맛있어요,427.0
12676,설빙 신촌점,친절해요,98.0
12680,설빙 신촌점,음료가 맛있어요,95.0
12682,설빙 신촌점,특별한 메뉴가 있어요,129.0
12696,보틀라운지,커피가 맛있어요,20.0
12699,보틀라운지,친절해요,18.0
12700,보틀라운지,인테리어가 멋져요,13.0
12703,보틀라운지,음료가 맛있어요,14.0
12706,보틀라운지,대화하기 좋아요,11.0
12720,시간이머무는홍차가게,디저트가 맛있어요,28.0
12722,시간이머무는홍차가게,친절해요,34.0
12723,시간이머무는홍차가게,인테리어가 멋져요,29.0
12729,시간이머무는홍차가게,대화하기 좋아요,18.0
12742,연희커피,커피가 맛있어요,51.0
12743,연희커피,디저트가 맛있어요,31.0
12745,연희커피,친절해요,20.0
12746,연희커피,인테리어가 멋져요,17.0
12749,연희커피,음료가 맛있어요,29.0
12765,스타벅스 가재울뉴타운점,커피가 맛있어요,763.0
12766,스타벅스 가재울뉴타운점,디저트가 맛있어요,187.0
12768,스타벅스 가재울뉴타운점,친절해요,335.0
12770,스타벅스 가재울뉴타운점,매장이 청결해요,187.0
12772,스타벅스 가재울뉴타운점,음료가 맛있어요,233.0
12788,스타벅스 홍제역점,커피가 맛있어요,1218.0
12789,스타벅스 홍제역점,디저트가 맛있어요,374.0
12791,스타벅스 홍제역점,친절해요,613.0
12793,스타벅스 홍제역점,매장이 청결해요,330.0
12795,스타벅스 홍제역점,음료가 맛있어요,379.0
12813,롤리홀리,빵이 맛있어요,30.0
12814,롤리홀리,친절해요,39.0
12815,롤리홀리,인테리어가 멋져요,13.0
12820,롤리홀리,특별한 메뉴가 있어요,35.0
12822,롤리홀리,가성비가 좋아요,10.0
12834,스타벅스 이대R점,커피가 맛있어요,402.0
12835,스타벅스 이대R점,디저트가 맛있어요,125.0
12837,스타벅스 이대R점,친절해요,219.0
12839,스타벅스 이대R점,매장이 청결해요,131.0
12841,스타벅스 이대R점,음료가 맛있어요,157.0
12857,벤치커피스튜디오,커피가 맛있어요,42.0
12860,벤치커피스튜디오,친절해요,21.0
12861,벤치커피스튜디오,인테리어가 멋져요,22.0
12862,벤치커피스튜디오,매장이 청결해요,12.0
12864,벤치커피스튜디오,음료가 맛있어요,16.0
12880,꽃피다이화다방,커피가 맛있어요,48.0
12883,꽃피다이화다방,친절해요,25.0
12885,꽃피다이화다방,매장이 청결해요,27.0
12886,꽃피다이화다방,뷰가 좋아요,36.0
12892,꽃피다이화다방,집중하기 좋아요,39.0
12926,스타벅스 북가좌DT점,커피가 맛있어요,863.0
12927,스타벅스 북가좌DT점,디저트가 맛있어요,174.0
12929,스타벅스 북가좌DT점,친절해요,311.0
12931,스타벅스 북가좌DT점,매장이 청결해요,230.0
12933,스타벅스 북가좌DT점,음료가 맛있어요,186.0
12949,로네펠트 서대문점,커피가 맛있어요,34.0
12952,로네펠트 서대문점,친절해요,29.0
12954,로네펠트 서대문점,매장이 청결해요,31.0
12956,로네펠트 서대문점,음료가 맛있어요,61.0
12958,로네펠트 서대문점,특별한 메뉴가 있어요,26.0
12972,스타벅스 연희동점,커피가 맛있어요,418.0
12973,스타벅스 연희동점,디저트가 맛있어요,136.0
12975,스타벅스 연희동점,친절해요,172.0
12977,스타벅스 연희동점,매장이 청결해요,131.0
12979,스타벅스 연희동점,음료가 맛있어요,163.0
12995,포티드,커피가 맛있어요,91.0
12996,포티드,디저트가 맛있어요,103.0
12999,포티드,인테리어가 멋져요,165.0
13002,포티드,음료가 맛있어요,64.0
13003,포티드,사진이 잘 나와요,74.0
13044,어반플랜트 합정,친절해요,160.0
13045,어반플랜트 합정,인테리어가 멋져요,336.0
13057,어반플랜트 합정,음식이 맛있어요,272.0
13058,어반플랜트 합정,매장이 넓어요,144.0
13061,어반플랜트 합정,재료가 신선해요,109.0
13064,프릳츠 도화점,커피가 맛있어요,2232.0
13065,프릳츠 도화점,디저트가 맛있어요,1770.0
13067,프릳츠 도화점,친절해요,712.0
13068,프릳츠 도화점,인테리어가 멋져요,822.0
13071,프릳츠 도화점,음료가 맛있어요,645.0
13087,피오니 홍대점,커피가 맛있어요,174.0
13088,피오니 홍대점,디저트가 맛있어요,645.0
13090,피오니 홍대점,친절해요,128.0
13094,피오니 홍대점,음료가 맛있어요,125.0
13096,피오니 홍대점,특별한 메뉴가 있어요,138.0
13110,943킹스크로스,커피가 맛있어요,164.0
13114,943킹스크로스,인테리어가 멋져요,391.0
13117,943킹스크로스,음료가 맛있어요,147.0
13118,943킹스크로스,사진이 잘 나와요,231.0
13119,943킹스크로스,특별한 메뉴가 있어요,218.0
13133,카페공명,커피가 맛있어요,277.0
13134,카페공명,디저트가 맛있어요,432.0
13137,카페공명,인테리어가 멋져요,245.0
13140,카페공명,음료가 맛있어요,199.0
13143,카페공명,대화하기 좋아요,138.0
13156,비파티세리 공덕점,커피가 맛있어요,475.0
13158,비파티세리 공덕점,빵이 맛있어요,798.0
13160,비파티세리 공덕점,인테리어가 멋져요,354.0
13161,비파티세리 공덕점,매장이 청결해요,211.0
13165,비파티세리 공덕점,특별한 메뉴가 있어요,194.0
13179,카페 레이어드 연남점,커피가 맛있어요,167.0
13180,카페 레이어드 연남점,디저트가 맛있어요,432.0
13183,카페 레이어드 연남점,인테리어가 멋져요,162.0
13187,카페 레이어드 연남점,사진이 잘 나와요,109.0
13188,카페 레이어드 연남점,특별한 메뉴가 있어요,119.0
13202,앤트러사이트 합정점,커피가 맛있어요,466.0
13205,앤트러사이트 합정점,친절해요,95.0
13206,앤트러사이트 합정점,인테리어가 멋져요,263.0
13209,앤트러사이트 합정점,음료가 맛있어요,134.0
13212,앤트러사이트 합정점,대화하기 좋아요,121.0
13225,포비 합정점,커피가 맛있어요,420.0
13227,포비 합정점,빵이 맛있어요,683.0
13228,포비 합정점,친절해요,166.0
13229,포비 합정점,인테리어가 멋져요,275.0
13232,포비 합정점,음료가 맛있어요,156.0
13248,앤트러사이트 서교점,커피가 맛있어요,221.0
13252,앤트러사이트 서교점,인테리어가 멋져요,148.0
13253,앤트러사이트 서교점,매장이 청결해요,75.0
13254,앤트러사이트 서교점,뷰가 좋아요,111.0
13260,앤트러사이트 서교점,집중하기 좋아요,104.0
13271,오츠커피 마포점,커피가 맛있어요,312.0
13274,오츠커피 마포점,친절해요,101.0
13275,오츠커피 마포점,인테리어가 멋져요,48.0
13278,오츠커피 마포점,음료가 맛있어요,92.0
13280,오츠커피 마포점,특별한 메뉴가 있어요,71.0
13295,땡스오트 연남점,디저트가 맛있어요,129.0
13297,땡스오트 연남점,친절해요,55.0
13298,땡스오트 연남점,인테리어가 멋져요,63.0
13299,땡스오트 연남점,매장이 청결해요,46.0
13303,땡스오트 연남점,특별한 메뉴가 있어요,100.0
13317,테일러커피 서교점,커피가 맛있어요,192.0
13318,테일러커피 서교점,디저트가 맛있어요,48.0
13320,테일러커피 서교점,친절해요,54.0
13321,테일러커피 서교점,인테리어가 멋져요,45.0
13324,테일러커피 서교점,음료가 맛있어요,60.0
13340,톤앤매너,커피가 맛있어요,57.0
13343,톤앤매너,친절해요,96.0
13344,톤앤매너,인테리어가 멋져요,71.0
13347,톤앤매너,음료가 맛있어요,82.0
13348,톤앤매너,사진이 잘 나와요,48.0
13363,커피리브레 연남점,커피가 맛있어요,250.0
13366,커피리브레 연남점,친절해요,67.0
13367,커피리브레 연남점,인테리어가 멋져요,34.0
13370,커피리브레 연남점,음료가 맛있어요,48.0
13374,커피리브레 연남점,가성비가 좋아요,54.0
13386,당인리책발전소,커피가 맛있어요,177.0
13387,당인리책발전소,디저트가 맛있어요,117.0
13390,당인리책발전소,인테리어가 멋져요,183.0
13398,당인리책발전소,집중하기 좋아요,214.0
13409,빈브라더스 합정점,커피가 맛있어요,157.0
13410,빈브라더스 합정점,디저트가 맛있어요,51.0
13412,빈브라더스 합정점,친절해요,47.0
13413,빈브라더스 합정점,인테리어가 멋져요,47.0
13416,빈브라더스 합정점,음료가 맛있어요,33.0
13432,오랑지,커피가 맛있어요,131.0
13433,오랑지,디저트가 맛있어요,232.0
13435,오랑지,친절해요,233.0
13436,오랑지,인테리어가 멋져요,116.0
13439,오랑지,음료가 맛있어요,197.0
13455,콜린,커피가 맛있어요,321.0
13456,콜린,디저트가 맛있어요,208.0
13459,콜린,인테리어가 멋져요,354.0
13462,콜린,음료가 맛있어요,196.0
13463,콜린,사진이 잘 나와요,149.0
13478,샌드커피 논탄토,커피가 맛있어요,329.0
13479,샌드커피 논탄토,디저트가 맛있어요,206.0
13481,샌드커피 논탄토,친절해요,107.0
13482,샌드커피 논탄토,인테리어가 멋져요,134.0
13487,샌드커피 논탄토,특별한 메뉴가 있어요,168.0
13501,커피가게동경,커피가 맛있어요,344.0
13504,커피가게동경,친절해요,56.0
13505,커피가게동경,인테리어가 멋져요,84.0
13508,커피가게동경,음료가 맛있어요,77.0
13510,커피가게동경,특별한 메뉴가 있어요,89.0
13524,키쉬미뇽,커피가 맛있어요,217.0
13525,키쉬미뇽,디저트가 맛있어요,619.0
13528,키쉬미뇽,인테리어가 멋져요,202.0
13531,키쉬미뇽,음료가 맛있어요,178.0
13533,키쉬미뇽,특별한 메뉴가 있어요,153.0
13547,딥블루레이크,커피가 맛있어요,307.0
13550,딥블루레이크,친절해요,85.0
13551,딥블루레이크,인테리어가 멋져요,83.0
13552,딥블루레이크,매장이 청결해요,57.0
13554,딥블루레이크,음료가 맛있어요,84.0
13570,디벙크,커피가 맛있어요,50.0
13571,디벙크,디저트가 맛있어요,25.0
13574,디벙크,인테리어가 멋져요,40.0
13580,디벙크,대화하기 좋아요,16.0
13582,디벙크,집중하기 좋아요,22.0
13593,테일러커피 연남1호점,커피가 맛있어요,191.0
13594,테일러커피 연남1호점,디저트가 맛있어요,31.0
13596,테일러커피 연남1호점,친절해요,60.0
13598,테일러커피 연남1호점,매장이 청결해요,38.0
13600,테일러커피 연남1호점,음료가 맛있어요,46.0
13616,딩가케이크,커피가 맛있어요,103.0
13617,딩가케이크,디저트가 맛있어요,224.0
13620,딩가케이크,인테리어가 멋져요,147.0
13624,딩가케이크,사진이 잘 나와요,80.0
13625,딩가케이크,특별한 메뉴가 있어요,67.0
13639,얼스어스,커피가 맛있어요,105.0
13640,얼스어스,디저트가 맛있어요,175.0
13642,얼스어스,친절해요,47.0
13646,얼스어스,음료가 맛있어요,54.0
13648,얼스어스,특별한 메뉴가 있어요,51.0
13666,브런치가,인테리어가 멋져요,83.0
13668,브런치가,뷰가 좋아요,64.0
13678,브런치가,음식이 맛있어요,272.0
13679,브런치가,매장이 넓어요,86.0
13682,브런치가,재료가 신선해요,67.0
13708,작당모의,커피가 맛있어요,169.0
13709,작당모의,디저트가 맛있어요,218.0
13711,작당모의,친절해요,86.0
13712,작당모의,인테리어가 멋져요,142.0
13715,작당모의,음료가 맛있어요,170.0
13732,버터밀크,디저트가 맛있어요,147.0
13734,버터밀크,친절해요,82.0
13738,버터밀크,음료가 맛있어요,55.0
13740,버터밀크,특별한 메뉴가 있어요,117.0
13742,버터밀크,가성비가 좋아요,92.0
13757,아이엠베이글 공덕점,친절해요,330.0
13763,아이엠베이글 공덕점,특별한 메뉴가 있어요,305.0
13770,아이엠베이글 공덕점,음식이 맛있어요,1023.0
13774,아이엠베이글 공덕점,재료가 신선해요,473.0
13776,아이엠베이글 공덕점,혼밥하기 좋아요,224.0
13777,이미커피,커피가 맛있어요,121.0
13778,이미커피,디저트가 맛있어요,114.0
13780,이미커피,친절해요,69.0
13781,이미커피,인테리어가 멋져요,37.0
13786,이미커피,특별한 메뉴가 있어요,57.0
13800,콩카페 연남점,커피가 맛있어요,205.0
13804,콩카페 연남점,인테리어가 멋져요,84.0
13807,콩카페 연남점,음료가 맛있어요,140.0
13809,콩카페 연남점,특별한 메뉴가 있어요,105.0
13810,콩카페 연남점,대화하기 좋아요,43.0
13824,시루케이크,디저트가 맛있어요,110.0
13826,시루케이크,친절해요,24.0
13828,시루케이크,매장이 청결해요,25.0
13830,시루케이크,음료가 맛있어요,14.0
13832,시루케이크,특별한 메뉴가 있어요,61.0
13846,연남방앗간,커피가 맛있어요,84.0
13847,연남방앗간,디저트가 맛있어요,40.0
13850,연남방앗간,인테리어가 멋져요,63.0
13853,연남방앗간,음료가 맛있어요,42.0
13855,연남방앗간,특별한 메뉴가 있어요,45.0
13869,밤부베이커리&브루잉,커피가 맛있어요,185.0
13870,밤부베이커리&브루잉,디저트가 맛있어요,69.0
13872,밤부베이커리&브루잉,친절해요,66.0
13873,밤부베이커리&브루잉,인테리어가 멋져요,105.0
13876,밤부베이커리&브루잉,음료가 맛있어요,75.0
13915,허밍벨라,커피가 맛있어요,196.0
13916,허밍벨라,디저트가 맛있어요,172.0
13919,허밍벨라,인테리어가 멋져요,75.0
13922,허밍벨라,음료가 맛있어요,123.0
13925,허밍벨라,대화하기 좋아요,69.0
13939,모아새,디저트가 맛있어요,26.0
13941,모아새,친절해요,21.0
13942,모아새,인테리어가 멋져요,15.0
13943,모아새,매장이 청결해요,6.0
13947,모아새,특별한 메뉴가 있어요,56.0
13961,카페스콘,커피가 맛있어요,73.0
13962,카페스콘,디저트가 맛있어요,100.0
13965,카페스콘,인테리어가 멋져요,51.0
13968,카페스콘,음료가 맛있어요,43.0
13971,카페스콘,대화하기 좋아요,32.0
13984,커피별녹색잔,커피가 맛있어요,189.0
13985,커피별녹색잔,디저트가 맛있어요,138.0
13987,커피별녹색잔,친절해요,94.0
13988,커피별녹색잔,인테리어가 멋져요,79.0
13991,커피별녹색잔,음료가 맛있어요,79.0
14007,카페제하,커피가 맛있어요,24.0
14008,카페제하,디저트가 맛있어요,18.0
14010,카페제하,친절해요,14.0
14011,카페제하,인테리어가 멋져요,15.0
14014,카페제하,음료가 맛있어요,18.0
14033,더브라운 목동점,친절해요,114.0
14034,더브라운 목동점,인테리어가 멋져요,57.0
14035,더브라운 목동점,매장이 청결해요,83.0
14046,더브라운 목동점,음식이 맛있어요,271.0
14047,더브라운 목동점,매장이 넓어요,99.0
14053,스타벅스 신월ICDT점,커피가 맛있어요,1041.0
14054,스타벅스 신월ICDT점,디저트가 맛있어요,278.0
14056,스타벅스 신월ICDT점,친절해요,468.0
14058,스타벅스 신월ICDT점,매장이 청결해요,319.0
14060,스타벅스 신월ICDT점,음료가 맛있어요,366.0
14076,스타벅스 신정DT점,커피가 맛있어요,1015.0
14077,스타벅스 신정DT점,디저트가 맛있어요,335.0
14079,스타벅스 신정DT점,친절해요,468.0
14081,스타벅스 신정DT점,매장이 청결해요,286.0
14083,스타벅스 신정DT점,음료가 맛있어요,387.0
14102,하니앤손스,친절해요,72.0
14103,하니앤손스,인테리어가 멋져요,51.0
14104,하니앤손스,매장이 청결해요,31.0
14106,하니앤손스,음료가 맛있어요,108.0
14108,하니앤손스,특별한 메뉴가 있어요,52.0
14125,헬로방방 목동점,친절해요,13.0
14127,헬로방방 목동점,매장이 청결해요,12.0
14145,스타벅스 오목교역점,커피가 맛있어요,706.0
14148,스타벅스 오목교역점,친절해요,289.0
14150,스타벅스 오목교역점,매장이 청결해요,192.0
14152,스타벅스 오목교역점,음료가 맛있어요,257.0
14155,스타벅스 오목교역점,대화하기 좋아요,169.0
14168,아모르버터,커피가 맛있어요,63.0
14169,아모르버터,디저트가 맛있어요,152.0
14171,아모르버터,친절해요,69.0
14175,아모르버터,음료가 맛있어요,38.0
14177,아모르버터,특별한 메뉴가 있어요,41.0
14191,파티세리소나 2호점,커피가 맛있어요,62.0
14193,파티세리소나 2호점,빵이 맛있어요,223.0
14194,파티세리소나 2호점,친절해요,27.0
14198,파티세리소나 2호점,음료가 맛있어요,27.0
14200,파티세리소나 2호점,특별한 메뉴가 있어요,43.0
14214,퍼블릭맨션,커피가 맛있어요,27.0
14217,퍼블릭맨션,친절해요,19.0
14218,퍼블릭맨션,인테리어가 멋져요,11.0
14219,퍼블릭맨션,매장이 청결해요,11.0
14221,퍼블릭맨션,음료가 맛있어요,15.0
14237,스타벅스 목동역점,커피가 맛있어요,750.0
14238,스타벅스 목동역점,디저트가 맛있어요,210.0
14240,스타벅스 목동역점,친절해요,349.0
14242,스타벅스 목동역점,매장이 청결해요,207.0
14244,스타벅스 목동역점,음료가 맛있어요,306.0
14260,카페꼬숩,커피가 맛있어요,41.0
14261,카페꼬숩,디저트가 맛있어요,39.0
14263,카페꼬숩,친절해요,38.0
14264,카페꼬숩,인테리어가 멋져요,20.0
14267,카페꼬숩,음료가 맛있어요,21.0
14283,달다랗다,커피가 맛있어요,22.0
14284,달다랗다,디저트가 맛있어요,95.0
14286,달다랗다,친절해요,55.0
14288,달다랗다,매장이 청결해요,32.0
14292,달다랗다,특별한 메뉴가 있어요,34.0
14306,도쿄빙수 오목교역점,커피가 맛있어요,66.0
14307,도쿄빙수 오목교역점,디저트가 맛있어요,188.0
14309,도쿄빙수 오목교역점,친절해요,64.0
14313,도쿄빙수 오목교역점,음료가 맛있어요,60.0
14315,도쿄빙수 오목교역점,특별한 메뉴가 있어요,84.0
14329,스타벅스 목동8단지점,커피가 맛있어요,585.0
14330,스타벅스 목동8단지점,디저트가 맛있어요,142.0
14332,스타벅스 목동8단지점,친절해요,191.0
14334,스타벅스 목동8단지점,매장이 청결해요,160.0
14336,스타벅스 목동8단지점,음료가 맛있어요,241.0
14352,스타벅스 신월동DT,커피가 맛있어요,517.0
14353,스타벅스 신월동DT,디저트가 맛있어요,125.0
14355,스타벅스 신월동DT,친절해요,298.0
14357,스타벅스 신월동DT,매장이 청결해요,179.0
14359,스타벅스 신월동DT,음료가 맛있어요,192.0
14375,카페히든,커피가 맛있어요,100.0
14376,카페히든,디저트가 맛있어요,107.0
14378,카페히든,친절해요,76.0
14379,카페히든,인테리어가 멋져요,67.0
14382,카페히든,음료가 맛있어요,72.0
14398,설빙 목동점,커피가 맛있어요,103.0
14399,설빙 목동점,디저트가 맛있어요,415.0
14403,설빙 목동점,매장이 청결해요,93.0
14405,설빙 목동점,음료가 맛있어요,99.0
14407,설빙 목동점,특별한 메뉴가 있어요,127.0
14421,카페화목토,커피가 맛있어요,2.0
14422,카페화목토,디저트가 맛있어요,3.0
14425,카페화목토,인테리어가 멋져요,5.0
14428,카페화목토,음료가 맛있어요,4.0
14431,카페화목토,대화하기 좋아요,3.0
14444,스타벅스 목동10단지점,커피가 맛있어요,667.0
14445,스타벅스 목동10단지점,디저트가 맛있어요,203.0
14447,스타벅스 목동10단지점,친절해요,168.0
14449,스타벅스 목동10단지점,매장이 청결해요,204.0
14451,스타벅스 목동10단지점,음료가 맛있어요,206.0
14467,스타벅스 등촌역점,커피가 맛있어요,609.0
14468,스타벅스 등촌역점,디저트가 맛있어요,177.0
14470,스타벅스 등촌역점,친절해요,272.0
14472,스타벅스 등촌역점,매장이 청결해요,191.0
14474,스타벅스 등촌역점,음료가 맛있어요,223.0
14493,테디랩,친절해요,22.0
14494,테디랩,인테리어가 멋져요,20.0
14495,테디랩,매장이 청결해요,16.0
14499,테디랩,특별한 메뉴가 있어요,16.0
14506,테디랩,음식이 맛있어요,64.0
14516,에프스토리,친절해요,20.0
14517,에프스토리,인테리어가 멋져요,27.0
14518,에프스토리,매장이 청결해요,19.0
14522,에프스토리,특별한 메뉴가 있어요,7.0
14529,에프스토리,음식이 맛있어요,22.0
14536,카페스페이스530,커피가 맛있어요,14.0
14539,카페스페이스530,친절해요,10.0
14540,카페스페이스530,인테리어가 멋져요,8.0
14543,카페스페이스530,음료가 맛있어요,7.0
14551,카페스페이스530,좌석이 편해요,4.0
14562,카페올리,친절해요,85.0
14564,카페올리,매장이 청결해요,49.0
14570,카페올리,가성비가 좋아요,56.0
14575,카페올리,음식이 맛있어요,163.0
14579,카페올리,재료가 신선해요,62.0
14582,스타벅스 목동오목로점,커피가 맛있어요,353.0
14583,스타벅스 목동오목로점,디저트가 맛있어요,100.0
14585,스타벅스 목동오목로점,친절해요,146.0
14587,스타벅스 목동오목로점,매장이 청결해요,90.0
14589,스타벅스 목동오목로점,음료가 맛있어요,125.0
14605,스타벅스 목동점,커피가 맛있어요,424.0
14606,스타벅스 목동점,디저트가 맛있어요,94.0
14608,스타벅스 목동점,친절해요,147.0
14610,스타벅스 목동점,매장이 청결해요,84.0
14612,스타벅스 목동점,음료가 맛있어요,157.0
14628,라헬의부엌 목동점,커피가 맛있어요,90.0
14629,라헬의부엌 목동점,디저트가 맛있어요,126.0
14631,라헬의부엌 목동점,친절해요,66.0
14632,라헬의부엌 목동점,인테리어가 멋져요,87.0
14635,라헬의부엌 목동점,음료가 맛있어요,65.0
14651,커피집 이공,커피가 맛있어요,19.0
14654,커피집 이공,친절해요,9.0
14655,커피집 이공,인테리어가 멋져요,8.0
14656,커피집 이공,매장이 청결해요,8.0
14663,커피집 이공,집중하기 좋아요,8.0
14674,투썸플레이스 목동하이페리온점,커피가 맛있어요,213.0
14675,투썸플레이스 목동하이페리온점,디저트가 맛있어요,172.0
14677,투썸플레이스 목동하이페리온점,친절해요,74.0
14679,투썸플레이스 목동하이페리온점,매장이 청결해요,63.0
14681,투썸플레이스 목동하이페리온점,음료가 맛있어요,94.0
14700,퀸즈브라운 목동역점,친절해요,41.0
14702,퀸즈브라운 목동역점,매장이 청결해요,20.0
14713,퀸즈브라운 목동역점,음식이 맛있어요,67.0
14717,퀸즈브라운 목동역점,재료가 신선해요,36.0
14718,퀸즈브라운 목동역점,양이 많아요,20.0
14720,비엔나커피하우스 목동7단지점,커피가 맛있어요,170.0
14724,비엔나커피하우스 목동7단지점,인테리어가 멋져요,44.0
14725,비엔나커피하우스 목동7단지점,매장이 청결해요,36.0
14727,비엔나커피하우스 목동7단지점,음료가 맛있어요,57.0
14730,비엔나커피하우스 목동7단지점,대화하기 좋아요,43.0
14743,카페아리네,커피가 맛있어요,143.0
14744,카페아리네,디저트가 맛있어요,104.0
14746,카페아리네,친절해요,103.0
14748,카페아리네,매장이 청결해요,75.0
14750,카페아리네,음료가 맛있어요,104.0
14767,젠틀카롱,디저트가 맛있어요,12.0
14769,젠틀카롱,친절해요,5.0
14770,젠틀카롱,인테리어가 멋져요,1.0
14771,젠틀카롱,매장이 청결해요,3.0
14775,젠틀카롱,특별한 메뉴가 있어요,4.0
14789,스타벅스 목동파라곤점,커피가 맛있어요,379.0
14790,스타벅스 목동파라곤점,디저트가 맛있어요,97.0
14792,스타벅스 목동파라곤점,친절해요,177.0
14794,스타벅스 목동파라곤점,매장이 청결해요,77.0
14796,스타벅스 목동파라곤점,음료가 맛있어요,139.0
14812,리모트,커피가 맛있어요,10.0
14813,리모트,디저트가 맛있어요,14.0
14815,리모트,친절해요,15.0
14816,리모트,인테리어가 멋져요,15.0
14819,리모트,음료가 맛있어요,9.0
14835,투썸플레이스 남부지방법원점,커피가 맛있어요,255.0
14836,투썸플레이스 남부지방법원점,디저트가 맛있어요,188.0
14838,투썸플레이스 남부지방법원점,친절해요,154.0
14842,투썸플레이스 남부지방법원점,음료가 맛있어요,135.0
14844,투썸플레이스 남부지방법원점,특별한 메뉴가 있어요,94.0
14858,프레쉬모먼트카페,커피가 맛있어요,14.0
14861,프레쉬모먼트카페,친절해요,15.0
14862,프레쉬모먼트카페,인테리어가 멋져요,11.0
14863,프레쉬모먼트카페,매장이 청결해요,10.0
14865,프레쉬모먼트카페,음료가 맛있어요,10.0
14881,커피그레이드,커피가 맛있어요,120.0
14882,커피그레이드,디저트가 맛있어요,66.0
14884,커피그레이드,친절해요,53.0
14888,커피그레이드,음료가 맛있어요,65.0
14892,커피그레이드,가성비가 좋아요,32.0
14904,이디야커피 오목교대학학원점,커피가 맛있어요,234.0
14905,이디야커피 오목교대학학원점,디저트가 맛있어요,59.0
14907,이디야커피 오목교대학학원점,친절해요,86.0
14911,이디야커피 오목교대학학원점,음료가 맛있어요,121.0
14915,이디야커피 오목교대학학원점,가성비가 좋아요,84.0
14927,투썸플레이스 신정네거리점,커피가 맛있어요,187.0
14928,투썸플레이스 신정네거리점,디저트가 맛있어요,163.0
14930,투썸플레이스 신정네거리점,친절해요,93.0
14932,투썸플레이스 신정네거리점,매장이 청결해요,91.0
14934,투썸플레이스 신정네거리점,음료가 맛있어요,84.0
14950,코나빈스,커피가 맛있어요,18.0
14951,코나빈스,디저트가 맛있어요,12.0
14953,코나빈스,친절해요,11.0
14954,코나빈스,인테리어가 멋져요,9.0
14965,코나빈스,좌석이 편해요,11.0
14973,스타벅스 목동7단지점,커피가 맛있어요,498.0
14974,스타벅스 목동7단지점,디저트가 맛있어요,104.0
14976,스타벅스 목동7단지점,친절해요,210.0
14978,스타벅스 목동7단지점,매장이 청결해요,116.0
14980,스타벅스 목동7단지점,음료가 맛있어요,197.0
14999,고양이정원,친절해요,42.0
15004,고양이정원,사진이 잘 나와요,29.0
15019,카페우드진,커피가 맛있어요,214.0
15022,카페우드진,친절해요,54.0
15023,카페우드진,인테리어가 멋져요,61.0
15026,카페우드진,음료가 맛있어요,73.0
15029,카페우드진,대화하기 좋아요,45.0
15045,고양이똥,친절해요,51.0
15046,고양이똥,인테리어가 멋져요,81.0
15051,고양이똥,특별한 메뉴가 있어요,57.0
15058,고양이똥,음식이 맛있어요,211.0
15062,고양이똥,재료가 신선해요,51.0
15065,브루클린커피,커피가 맛있어요,310.0
15066,브루클린커피,디저트가 맛있어요,161.0
15068,브루클린커피,친절해요,104.0
15070,브루클린커피,매장이 청결해요,67.0
15072,브루클린커피,음료가 맛있어요,102.0
15088,헤리스헤이스,커피가 맛있어요,275.0
15089,헤리스헤이스,디저트가 맛있어요,68.0
15091,헤리스헤이스,친절해요,138.0
15095,헤리스헤이스,음료가 맛있어요,102.0
15097,헤리스헤이스,특별한 메뉴가 있어요,54.0
15114,브런치팩토리,친절해요,54.0
15122,브런치팩토리,가성비가 좋아요,98.0
15127,브런치팩토리,음식이 맛있어요,195.0
15131,브런치팩토리,재료가 신선해요,85.0
15132,브런치팩토리,양이 많아요,42.0
15134,소장식물전,커피가 맛있어요,53.0
15135,소장식물전,디저트가 맛있어요,77.0
15137,소장식물전,친절해요,34.0
15138,소장식물전,인테리어가 멋져요,44.0
15141,소장식물전,음료가 맛있어요,32.0
15157,광화문살롱,커피가 맛있어요,369.0
15159,광화문살롱,빵이 맛있어요,728.0
15160,광화문살롱,친절해요,174.0
15161,광화문살롱,인테리어가 멋져요,190.0
15162,광화문살롱,매장이 청결해요,212.0
15180,어나더사이드,커피가 맛있어요,783.0
15181,어나더사이드,디저트가 맛있어요,407.0
15184,어나더사이드,인테리어가 멋져요,671.0
15187,어나더사이드,음료가 맛있어요,212.0
15188,어나더사이드,사진이 잘 나와요,276.0
15204,인라이크,디저트가 맛있어요,102.0
15206,인라이크,친절해요,49.0
15208,인라이크,매장이 청결해요,36.0
15210,인라이크,음료가 맛있어요,35.0
15212,인라이크,특별한 메뉴가 있어요,59.0
15226,광화문살롱 마곡나루점,커피가 맛있어요,112.0
15227,광화문살롱 마곡나루점,디저트가 맛있어요,116.0
15229,광화문살롱 마곡나루점,친절해요,42.0
15231,광화문살롱 마곡나루점,매장이 청결해요,46.0
15236,광화문살롱 마곡나루점,대화하기 좋아요,53.0
15252,고양이똥 3호점,친절해요,51.0
15253,고양이똥 3호점,인테리어가 멋져요,81.0
15258,고양이똥 3호점,특별한 메뉴가 있어요,57.0
15265,고양이똥 3호점,음식이 맛있어요,211.0
15269,고양이똥 3호점,재료가 신선해요,51.0
15272,스타벅스 화곡DT점,커피가 맛있어요,912.0
15273,스타벅스 화곡DT점,디저트가 맛있어요,245.0
15275,스타벅스 화곡DT점,친절해요,352.0
15277,스타벅스 화곡DT점,매장이 청결해요,264.0
15279,스타벅스 화곡DT점,음료가 맛있어요,330.0
15295,스타벅스 마곡나루,커피가 맛있어요,740.0
15299,스타벅스 마곡나루,인테리어가 멋져요,312.0
15300,스타벅스 마곡나루,매장이 청결해요,318.0
15301,스타벅스 마곡나루,뷰가 좋아요,274.0
15302,스타벅스 마곡나루,음료가 맛있어요,267.0
15318,구도커피,커피가 맛있어요,75.0
15321,구도커피,친절해요,22.0
15322,구도커피,인테리어가 멋져요,32.0
15323,구도커피,매장이 청결해요,13.0
15325,구도커피,음료가 맛있어요,20.0
15341,카페움플레이트,커피가 맛있어요,39.0
15344,카페움플레이트,친절해요,20.0
15345,카페움플레이트,인테리어가 멋져요,30.0
15346,카페움플레이트,매장이 청결해요,21.0
15348,카페움플레이트,음료가 맛있어요,15.0
15364,스타벅스 방화DT,커피가 맛있어요,668.0
15365,스타벅스 방화DT,디저트가 맛있어요,191.0
15367,스타벅스 방화DT,친절해요,317.0
15369,스타벅스 방화DT,매장이 청결해요,149.0
15371,스타벅스 방화DT,음료가 맛있어요,252.0
15387,스타벅스 마곡사이언스타워R,커피가 맛있어요,900.0
15388,스타벅스 마곡사이언스타워R,디저트가 맛있어요,240.0
15390,스타벅스 마곡사이언스타워R,친절해요,390.0
15392,스타벅스 마곡사이언스타워R,매장이 청결해요,290.0
15394,스타벅스 마곡사이언스타워R,음료가 맛있어요,337.0
15413,벌툰 까치산역점,친절해요,12.0
15415,벌툰 까치산역점,매장이 청결해요,11.0
15426,벌툰 까치산역점,음식이 맛있어요,8.0
15433,헤이더그린,커피가 맛있어요,217.0
15437,헤이더그린,인테리어가 멋져요,201.0
15439,헤이더그린,뷰가 좋아요,296.0
15441,헤이더그린,사진이 잘 나와요,189.0
15447,헤이더그린,주차하기 편해요,255.0
15456,스타벅스 화곡동점,커피가 맛있어요,1001.0
15457,스타벅스 화곡동점,디저트가 맛있어요,294.0
15459,스타벅스 화곡동점,친절해요,367.0
15461,스타벅스 화곡동점,매장이 청결해요,205.0
15463,스타벅스 화곡동점,음료가 맛있어요,326.0
15479,스타벅스 발산역,커피가 맛있어요,723.0
15480,스타벅스 발산역,디저트가 맛있어요,197.0
15482,스타벅스 발산역,친절해요,286.0
15484,스타벅스 발산역,매장이 청결해요,182.0
15486,스타벅스 발산역,음료가 맛있어요,231.0
15505,벌툰 마곡발산점,친절해요,19.0
15518,벌툰 마곡발산점,음식이 맛있어요,18.0
15525,쉐드커피,커피가 맛있어요,50.0
15526,쉐드커피,디저트가 맛있어요,58.0
15528,쉐드커피,친절해요,35.0
15532,쉐드커피,음료가 맛있어요,28.0
15534,쉐드커피,특별한 메뉴가 있어요,19.0
15548,스타벅스 까치산역점,커피가 맛있어요,1113.0
15549,스타벅스 까치산역점,디저트가 맛있어요,330.0
15551,스타벅스 까치산역점,친절해요,482.0
15553,스타벅스 까치산역점,매장이 청결해요,307.0
15555,스타벅스 까치산역점,음료가 맛있어요,421.0
15571,스타벅스 마곡역,커피가 맛있어요,751.0
15572,스타벅스 마곡역,디저트가 맛있어요,203.0
15574,스타벅스 마곡역,친절해요,335.0
15576,스타벅스 마곡역,매장이 청결해요,224.0
15578,스타벅스 마곡역,음료가 맛있어요,270.0
15597,꿀팟만화보드카페,친절해요,20.0
15599,꿀팟만화보드카페,매장이 청결해요,17.0
15617,빌리엔젤 마곡점,커피가 맛있어요,97.0
15618,빌리엔젤 마곡점,디저트가 맛있어요,256.0
15620,빌리엔젤 마곡점,친절해요,70.0
15622,빌리엔젤 마곡점,매장이 청결해요,62.0
15624,빌리엔젤 마곡점,음료가 맛있어요,76.0
15640,스타벅스 마곡나루공원,커피가 맛있어요,740.0
15644,스타벅스 마곡나루공원,인테리어가 멋져요,312.0
15645,스타벅스 마곡나루공원,매장이 청결해요,318.0
15646,스타벅스 마곡나루공원,뷰가 좋아요,274.0
15647,스타벅스 마곡나루공원,음료가 맛있어요,267.0
15663,카페비쥬,커피가 맛있어요,16.0
15664,카페비쥬,디저트가 맛있어요,14.0
15666,카페비쥬,친절해요,12.0
15667,카페비쥬,인테리어가 멋져요,14.0
15670,카페비쥬,음료가 맛있어요,11.0
15686,고양이후추,커피가 맛있어요,38.0
15689,고양이후추,친절해요,12.0
15690,고양이후추,인테리어가 멋져요,14.0
15693,고양이후추,음료가 맛있어요,12.0
15696,고양이후추,대화하기 좋아요,11.0
15709,비엔나커피하우스 마곡나루역점,커피가 맛있어요,144.0
15713,비엔나커피하우스 마곡나루역점,인테리어가 멋져요,42.0
15716,비엔나커피하우스 마곡나루역점,음료가 맛있어요,46.0
15719,비엔나커피하우스 마곡나루역점,대화하기 좋아요,43.0
15724,비엔나커피하우스 마곡나루역점,좌석이 편해요,48.0
15755,플루이드,커피가 맛있어요,119.0
15756,플루이드,디저트가 맛있어요,59.0
15758,플루이드,친절해요,54.0
15759,플루이드,인테리어가 멋져요,52.0
15762,플루이드,음료가 맛있어요,41.0
15778,맥켄지커피 까치산역점,커피가 맛있어요,93.0
15779,맥켄지커피 까치산역점,디저트가 맛있어요,29.0
15781,맥켄지커피 까치산역점,친절해요,35.0
15782,맥켄지커피 까치산역점,인테리어가 멋져요,37.0
15785,맥켄지커피 까치산역점,음료가 맛있어요,43.0
15801,빌리엔젤 마곡역점,커피가 맛있어요,88.0
15802,빌리엔젤 마곡역점,디저트가 맛있어요,134.0
15805,빌리엔젤 마곡역점,인테리어가 멋져요,43.0
15806,빌리엔젤 마곡역점,매장이 청결해요,53.0
15808,빌리엔젤 마곡역점,음료가 맛있어요,44.0
15824,카페소금다방,커피가 맛있어요,103.0
15827,카페소금다방,친절해요,37.0
15829,카페소금다방,매장이 청결해요,9.0
15831,카페소금다방,음료가 맛있어요,26.0
15833,카페소금다방,특별한 메뉴가 있어요,35.0
15848,153도씨,디저트가 맛있어요,180.0
15850,153도씨,친절해요,101.0
15852,153도씨,매장이 청결해요,56.0
15854,153도씨,음료가 맛있어요,77.0
15856,153도씨,특별한 메뉴가 있어요,70.0
15870,스타벅스 가양역점,커피가 맛있어요,823.0
15871,스타벅스 가양역점,디저트가 맛있어요,196.0
15873,스타벅스 가양역점,친절해요,373.0
15875,스타벅스 가양역점,매장이 청결해요,219.0
15877,스타벅스 가양역점,음료가 맛있어요,301.0
15893,투썸플레이스 마곡점,커피가 맛있어요,216.0
15894,투썸플레이스 마곡점,디저트가 맛있어요,156.0
15896,투썸플레이스 마곡점,친절해요,89.0
15900,투썸플레이스 마곡점,음료가 맛있어요,93.0
15903,투썸플레이스 마곡점,대화하기 좋아요,74.0
15916,스타벅스 양천향교역,커피가 맛있어요,723.0
15917,스타벅스 양천향교역,디저트가 맛있어요,197.0
15919,스타벅스 양천향교역,친절해요,286.0
15921,스타벅스 양천향교역,매장이 청결해요,182.0
15923,스타벅스 양천향교역,음료가 맛있어요,231.0
15939,스타벅스 마곡GMG,커피가 맛있어요,712.0
15940,스타벅스 마곡GMG,디저트가 맛있어요,143.0
15942,스타벅스 마곡GMG,친절해요,265.0
15944,스타벅스 마곡GMG,매장이 청결해요,194.0
15946,스타벅스 마곡GMG,음료가 맛있어요,243.0
15962,카페 우드진 마곡나루점,커피가 맛있어요,63.0
15963,카페 우드진 마곡나루점,디저트가 맛있어요,17.0
15965,카페 우드진 마곡나루점,친절해요,31.0
15966,카페 우드진 마곡나루점,인테리어가 멋져요,32.0
15969,카페 우드진 마곡나루점,음료가 맛있어요,23.0
15986,메이비,디저트가 맛있어요,36.0
15988,메이비,친절해요,22.0
15990,메이비,매장이 청결해요,7.0
15994,메이비,특별한 메뉴가 있어요,13.0
16008,에버애프터,커피가 맛있어요,87.0
16009,에버애프터,디저트가 맛있어요,72.0
16011,에버애프터,친절해요,53.0
16012,에버애프터,인테리어가 멋져요,78.0
16015,에버애프터,음료가 맛있어요,72.0
16031,브라운핸즈 디지털단지구로점,커피가 맛있어요,168.0
16035,브라운핸즈 디지털단지구로점,인테리어가 멋져요,117.0
16036,브라운핸즈 디지털단지구로점,매장이 청결해요,60.0
16038,브라운핸즈 디지털단지구로점,음료가 맛있어요,58.0
16041,브라운핸즈 디지털단지구로점,대화하기 좋아요,66.0
16054,밀리커피,커피가 맛있어요,25.0
16055,밀리커피,디저트가 맛있어요,22.0
16057,밀리커피,친절해요,12.0
16061,밀리커피,음료가 맛있어요,9.0
16062,밀리커피,사진이 잘 나와요,11.0
16077,히어로스터 신도림점,커피가 맛있어요,102.0
16078,히어로스터 신도림점,디저트가 맛있어요,31.0
16080,히어로스터 신도림점,친절해요,45.0
16081,히어로스터 신도림점,인테리어가 멋져요,33.0
16084,히어로스터 신도림점,음료가 맛있어요,39.0
16100,데일리스위츠,커피가 맛있어요,17.0
16101,데일리스위츠,디저트가 맛있어요,53.0
16103,데일리스위츠,친절해요,16.0
16107,데일리스위츠,음료가 맛있어요,12.0
16109,데일리스위츠,특별한 메뉴가 있어요,14.0
16123,스타벅스 구로호텔점,커피가 맛있어요,1101.0
16124,스타벅스 구로호텔점,디저트가 맛있어요,252.0
16126,스타벅스 구로호텔점,친절해요,449.0
16128,스타벅스 구로호텔점,매장이 청결해요,288.0
16130,스타벅스 구로호텔점,음료가 맛있어요,376.0
16146,투썸플레이스 구로디지털역깔깔거리점,커피가 맛있어요,240.0
16147,투썸플레이스 구로디지털역깔깔거리점,디저트가 맛있어요,183.0
16153,투썸플레이스 구로디지털역깔깔거리점,음료가 맛있어요,105.0
16156,투썸플레이스 구로디지털역깔깔거리점,대화하기 좋아요,94.0
16161,투썸플레이스 구로디지털역깔깔거리점,좌석이 편해요,113.0
16169,카페몽글,커피가 맛있어요,51.0
16170,카페몽글,디저트가 맛있어요,54.0
16172,카페몽글,친절해요,45.0
16176,카페몽글,음료가 맛있어요,45.0
16178,카페몽글,특별한 메뉴가 있어요,31.0
16192,스타벅스 신도림점,커피가 맛있어요,631.0
16193,스타벅스 신도림점,디저트가 맛있어요,154.0
16195,스타벅스 신도림점,친절해요,293.0
16197,스타벅스 신도림점,매장이 청결해요,175.0
16199,스타벅스 신도림점,음료가 맛있어요,224.0
16218,하이드아웃,친절해요,51.0
16219,하이드아웃,인테리어가 멋져요,30.0
16220,하이드아웃,매장이 청결해요,17.0
16224,하이드아웃,특별한 메뉴가 있어요,46.0
16231,하이드아웃,음식이 맛있어요,71.0
16238,빈브라더스 현대백화점디큐브시티점,커피가 맛있어요,278.0
16239,빈브라더스 현대백화점디큐브시티점,디저트가 맛있어요,88.0
16241,빈브라더스 현대백화점디큐브시티점,친절해요,82.0
16243,빈브라더스 현대백화점디큐브시티점,매장이 청결해요,53.0
16245,빈브라더스 현대백화점디큐브시티점,음료가 맛있어요,71.0
16261,라크라센타,커피가 맛있어요,298.0
16262,라크라센타,디저트가 맛있어요,161.0
16265,라크라센타,인테리어가 멋져요,284.0
16268,라크라센타,음료가 맛있어요,159.0
16270,라크라센타,특별한 메뉴가 있어요,208.0
16284,설빙 구로지밸리점,커피가 맛있어요,148.0
16285,설빙 구로지밸리점,디저트가 맛있어요,423.0
16287,설빙 구로지밸리점,친절해요,106.0
16291,설빙 구로지밸리점,음료가 맛있어요,131.0
16293,설빙 구로지밸리점,특별한 메뉴가 있어요,119.0
16330,폴바셋 구로지밸리몰점,커피가 맛있어요,967.0
16331,폴바셋 구로지밸리몰점,디저트가 맛있어요,297.0
16333,폴바셋 구로지밸리몰점,친절해요,245.0
16335,폴바셋 구로지밸리몰점,매장이 청결해요,225.0
16337,폴바셋 구로지밸리몰점,음료가 맛있어요,417.0
16353,디저트샵시소,커피가 맛있어요,38.0
16354,디저트샵시소,디저트가 맛있어요,150.0
16356,디저트샵시소,친절해요,84.0
16358,디저트샵시소,매장이 청결해요,39.0
16362,디저트샵시소,특별한 메뉴가 있어요,58.0
16376,스타벅스 오류동역점,커피가 맛있어요,567.0
16377,스타벅스 오류동역점,디저트가 맛있어요,228.0
16379,스타벅스 오류동역점,친절해요,314.0
16381,스타벅스 오류동역점,매장이 청결해요,153.0
16383,스타벅스 오류동역점,음료가 맛있어요,249.0
16399,적소,커피가 맛있어요,40.0
16400,적소,디저트가 맛있어요,50.0
16402,적소,친절해요,29.0
16406,적소,음료가 맛있어요,20.0
16408,적소,특별한 메뉴가 있어요,18.0
16422,이미커피로스터스,커피가 맛있어요,8.0
16423,이미커피로스터스,디저트가 맛있어요,7.0
16425,이미커피로스터스,친절해요,6.0
16429,이미커피로스터스,음료가 맛있어요,3.0
16431,이미커피로스터스,특별한 메뉴가 있어요,5.0
16445,스타벅스 구로디지털타워점,커피가 맛있어요,534.0
16446,스타벅스 구로디지털타워점,디저트가 맛있어요,108.0
16448,스타벅스 구로디지털타워점,친절해요,176.0
16450,스타벅스 구로디지털타워점,매장이 청결해요,127.0
16452,스타벅스 구로디지털타워점,음료가 맛있어요,151.0
16468,메이로드,커피가 맛있어요,61.0
16469,메이로드,디저트가 맛있어요,162.0
16471,메이로드,친절해요,112.0
16473,메이로드,매장이 청결해요,71.0
16477,메이로드,특별한 메뉴가 있어요,118.0
16491,띵크커피 디큐브시티점,커피가 맛있어요,133.0
16492,띵크커피 디큐브시티점,디저트가 맛있어요,34.0
16496,띵크커피 디큐브시티점,매장이 청결해요,33.0
16498,띵크커피 디큐브시티점,음료가 맛있어요,51.0
16501,띵크커피 디큐브시티점,대화하기 좋아요,37.0
16514,스타벅스 구로디지털로점,커피가 맛있어요,817.0
16515,스타벅스 구로디지털로점,디저트가 맛있어요,171.0
16517,스타벅스 구로디지털로점,친절해요,335.0
16519,스타벅스 구로디지털로점,매장이 청결해요,228.0
16521,스타벅스 구로디지털로점,음료가 맛있어요,311.0
16537,투썸플레이스 신도림디큐브시티점,커피가 맛있어요,641.0
16538,투썸플레이스 신도림디큐브시티점,디저트가 맛있어요,428.0
16540,투썸플레이스 신도림디큐브시티점,친절해요,194.0
16544,투썸플레이스 신도림디큐브시티점,음료가 맛있어요,272.0
16547,투썸플레이스 신도림디큐브시티점,대화하기 좋아요,161.0
16560,힙스터커피,커피가 맛있어요,34.0
16561,힙스터커피,디저트가 맛있어요,9.0
16563,힙스터커피,친절해요,15.0
16564,힙스터커피,인테리어가 멋져요,16.0
16570,힙스터커피,대화하기 좋아요,11.0
16583,스타벅스 구로NC,커피가 맛있어요,1229.0
16584,스타벅스 구로NC,디저트가 맛있어요,319.0
16586,스타벅스 구로NC,친절해요,387.0
16588,스타벅스 구로NC,매장이 청결해요,276.0
16590,스타벅스 구로NC,음료가 맛있어요,382.0
16606,스타벅스 현대디큐브2F,커피가 맛있어요,902.0
16607,스타벅스 현대디큐브2F,디저트가 맛있어요,214.0
16609,스타벅스 현대디큐브2F,친절해요,269.0
16611,스타벅스 현대디큐브2F,매장이 청결해요,197.0
16613,스타벅스 현대디큐브2F,음료가 맛있어요,259.0
16629,그녀의커피 카페드엘르,커피가 맛있어요,11.0
16630,그녀의커피 카페드엘르,디저트가 맛있어요,17.0
16632,그녀의커피 카페드엘르,친절해요,13.0
16634,그녀의커피 카페드엘르,매장이 청결해요,11.0
16638,그녀의커피 카페드엘르,특별한 메뉴가 있어요,14.0
16652,투썸플레이스 개봉역점,커피가 맛있어요,249.0
16653,투썸플레이스 개봉역점,디저트가 맛있어요,217.0
16655,투썸플레이스 개봉역점,친절해요,122.0
16657,투썸플레이스 개봉역점,매장이 청결해요,80.0
16659,투썸플레이스 개봉역점,음료가 맛있어요,116.0
16675,잉크커피,커피가 맛있어요,7.0
16678,잉크커피,친절해요,5.0
16682,잉크커피,음료가 맛있어요,4.0
16686,잉크커피,가성비가 좋아요,3.0
16690,잉크커피,좌석이 편해요,1.0
